Date,Consommation
2018-01-01,56302.041666666664
2018-01-02,63102.958333333336
2018-01-03,63761.270833333336
2018-01-04,63169.1875
2018-01-05,62318.708333333336
2018-01-06,59227.125
2018-01-07,58761.979166666664
2018-01-08,67164.83333333333
2018-01-09,68683.54166666667
2018-01-10,67405.125
2018-01-11,68516.16666666667
2018-01-12,69889.91666666667
2018-01-13,65975.45833333333
2018-01-14,63638.5625
2018-01-15,70662.41666666667
2018-01-16,68532.27083333333
2018-01-17,70484.10416666667
2018-01-18,69634.875
2018-01-19,68817.375
2018-01-20,64436.0
2018-01-21,59333.958333333336
2018-01-22,64262.8125
2018-01-23,64893.625
2018-01-24,63726.145833333336
2018-01-25,65070.625
2018-01-26,66985.75
2018-01-27,63842.770833333336
2018-01-28,60005.75
2018-01-29,65833.20833333333
2018-01-30,66266.47916666667
2018-01-31,67475.35416666667
2018-02-01,70213.64583333333
2018-02-02,72491.27083333333
2018-02-03,67554.95833333333
2018-02-04,66343.6875
2018-02-05,77231.02083333333
2018-02-06,78708.9375
2018-02-07,80049.0625
2018-02-08,80230.20833333333
2018-02-09,79876.60416666667
2018-02-10,72386.10416666667
2018-02-11,67135.0
2018-02-12,74370.04166666667
2018-02-13,79028.16666666667
2018-02-14,78045.60416666667
2018-02-15,71888.64583333333
2018-02-16,68817.89583333333
2018-02-17,62918.583333333336
2018-02-18,62391.958333333336
2018-02-19,70529.04166666667
2018-02-20,70390.14583333333
2018-02-21,73132.08333333333
2018-02-22,76916.20833333333
2018-02-23,77731.45833333333
2018-02-24,72350.27083333333
2018-02-25,70274.54166666667
2018-02-26,81881.5625
2018-02-27,87012.25
2018-02-28,89600.08333333333
2018-03-01,84582.27083333333
2018-03-02,76882.625
2018-03-03,66938.27083333333
2018-03-04,62062.75
2018-03-05,67215.79166666667
2018-03-06,66901.52083333333
2018-03-07,67873.16666666667
2018-03-08,67788.1875
2018-03-09,64220.479166666664
2018-03-10,55351.208333333336
2018-03-11,50928.354166666664
2018-03-12,60062.520833333336
2018-03-13,62450.020833333336
2018-03-14,62423.395833333336
2018-03-15,62012.145833333336
2018-03-16,61202.208333333336
2018-03-17,59760.916666666664
2018-03-18,61730.333333333336
2018-03-19,72389.47916666667
2018-03-20,74346.77083333333
2018-03-21,73350.625
2018-03-22,72089.1875
2018-03-23,69088.22916666667
2018-03-24,60309.75
2018-03-25,55763.333333333336
2018-03-26,62077.458333333336
2018-03-27,64169.270833333336
2018-03-28,62737.6875
2018-03-29,63105.708333333336
2018-03-30,63157.708333333336
2018-03-31,58258.354166666664
2018-04-01,54856.958333333336
2018-04-02,53712.604166666664
2018-04-03,57779.520833333336
2018-04-04,58139.583333333336
2018-04-05,58601.666666666664
2018-04-06,56631.291666666664
2018-04-07,48548.270833333336
2018-04-08,45271.520833333336
2018-04-09,52922.916666666664
2018-04-10,55150.104166666664
2018-04-11,56084.833333333336
2018-04-12,56018.5625
2018-04-13,54375.208333333336
2018-04-14,48535.916666666664
2018-04-15,45253.916666666664
2018-04-16,51310.875
2018-04-17,51092.958333333336
2018-04-18,48493.9375
2018-04-19,47315.104166666664
2018-04-20,47236.479166666664
2018-04-21,41829.958333333336
2018-04-22,39012.3125
2018-04-23,45426.979166666664
2018-04-24,46849.895833333336
2018-04-25,47722.791666666664
2018-04-26,48564.666666666664
2018-04-27,48608.0
2018-04-28,43579.395833333336
2018-04-29,42856.958333333336
2018-04-30,50589.791666666664
2018-05-01,45796.416666666664
2018-05-02,52406.145833333336
2018-05-03,51819.75
2018-05-04,50296.229166666664
2018-05-05,43742.479166666664
2018-05-06,39735.770833333336
2018-05-07,44069.625
2018-05-08,40798.4375
2018-05-09,43940.208333333336
2018-05-10,41078.4375
2018-05-11,44139.770833333336
2018-05-12,41895.125
2018-05-13,41563.625
2018-05-14,50479.1875
2018-05-15,51005.395833333336
2018-05-16,49588.854166666664
2018-05-17,49093.416666666664
2018-05-18,47877.75
2018-05-19,42357.916666666664
2018-05-20,39319.104166666664
2018-05-21,40704.604166666664
2018-05-22,46571.729166666664
2018-05-23,47044.791666666664
2018-05-24,47270.416666666664
2018-05-25,47193.3125
2018-05-26,41613.395833333336
2018-05-27,38887.75
2018-05-28,45889.416666666664
2018-05-29,46763.708333333336
2018-05-30,47341.291666666664
2018-05-31,47327.291666666664
2018-06-01,46714.458333333336
2018-06-02,41202.25
2018-06-03,38488.75
2018-06-04,45924.625
2018-06-05,47087.729166666664
2018-06-06,47363.854166666664
2018-06-07,47079.979166666664
2018-06-08,46708.958333333336
2018-06-09,41659.708333333336
2018-06-10,39055.333333333336
2018-06-11,46230.020833333336
2018-06-12,46775.916666666664
2018-06-13,46552.6875
2018-06-14,46978.125
2018-06-15,46681.729166666664
2018-06-16,41294.0625
2018-06-17,38432.270833333336
2018-06-18,45616.625
2018-06-19,47419.020833333336
2018-06-20,48333.875
2018-06-21,47887.145833333336
2018-06-22,46238.958333333336
2018-06-23,40929.375
2018-06-24,38570.958333333336
2018-06-25,45996.125
2018-06-26,47690.958333333336
2018-06-27,48064.395833333336
2018-06-28,48097.270833333336
2018-06-29,47963.958333333336
2018-06-30,43454.5625
2018-07-01,40760.6875
2018-07-02,47835.145833333336
2018-07-03,49297.583333333336
2018-07-04,49234.291666666664
2018-07-05,48270.9375
2018-07-06,47703.8125
2018-07-07,42885.104166666664
2018-07-08,40425.729166666664
2018-07-09,47794.416666666664
2018-07-10,48779.583333333336
2018-07-11,48300.9375
2018-07-12,48567.875
2018-07-13,48446.020833333336
2018-07-14,42230.666666666664
2018-07-15,40148.166666666664
2018-07-16,46724.645833333336
2018-07-17,48196.270833333336
2018-07-18,48653.5
2018-07-19,48960.083333333336
2018-07-20,47840.25
2018-07-21,41889.125
2018-07-22,39381.208333333336
2018-07-23,46958.6875
2018-07-24,48783.666666666664
2018-07-25,49453.958333333336
2018-07-26,49864.666666666664
2018-07-27,48772.541666666664
2018-07-28,42229.6875
2018-07-29,39665.145833333336
2018-07-30,45994.9375
2018-07-31,47459.4375
2018-08-01,47561.520833333336
2018-08-02,47896.0625
2018-08-03,47669.145833333336
2018-08-04,43193.270833333336
2018-08-05,40491.125
2018-08-06,45335.895833333336
2018-08-07,45861.0625
2018-08-08,44592.9375
2018-08-09,43254.291666666664
2018-08-10,42073.229166666664
2018-08-11,39000.395833333336
2018-08-12,36955.708333333336
2018-08-13,41075.979166666664
2018-08-14,41710.541666666664
2018-08-15,38719.9375
2018-08-16,42358.770833333336
2018-08-17,42190.104166666664
2018-08-18,39325.770833333336
2018-08-19,37774.604166666664
2018-08-20,43755.291666666664
2018-08-21,45494.208333333336
2018-08-22,46030.8125
2018-08-23,45936.083333333336
2018-08-24,44626.75
2018-08-25,39939.5625
2018-08-26,37733.104166666664
2018-08-27,44692.333333333336
2018-08-28,46689.083333333336
2018-08-29,46796.854166666664
2018-08-30,46620.666666666664
2018-08-31,46149.8125
2018-09-01,41109.666666666664
2018-09-02,38781.979166666664
2018-09-03,45594.708333333336
2018-09-04,47143.979166666664
2018-09-05,47506.0
2018-09-06,47391.333333333336
2018-09-07,46750.9375
2018-09-08,41376.979166666664
2018-09-09,39115.895833333336
2018-09-10,46157.458333333336
2018-09-11,47808.333333333336
2018-09-12,48045.083333333336
2018-09-13,47893.020833333336
2018-09-14,47002.0
2018-09-15,41611.916666666664
2018-09-16,39256.0625
2018-09-17,46466.145833333336
2018-09-18,47533.0
2018-09-19,47847.333333333336
2018-09-20,47787.520833333336
2018-09-21,47173.604166666664
2018-09-22,41558.479166666664
2018-09-23,39860.6875
2018-09-24,46477.604166666664
2018-09-25,48047.479166666664
2018-09-26,48629.083333333336
2018-09-27,48468.3125
2018-09-28,47554.416666666664
2018-09-29,42560.270833333336
2018-09-30,40728.9375
2018-10-01,48113.645833333336
2018-10-02,50631.5625
2018-10-03,49862.895833333336
2018-10-04,49339.6875
2018-10-05,48565.479166666664
2018-10-06,42686.75
2018-10-07,41198.479166666664
2018-10-08,48557.770833333336
2018-10-09,49326.875
2018-10-10,49000.270833333336
2018-10-11,48533.895833333336
2018-10-12,47880.875
2018-10-13,42226.9375
2018-10-14,39921.916666666664
2018-10-15,46868.729166666664
2018-10-16,48215.75
2018-10-17,48674.791666666664
2018-10-18,48683.354166666664
2018-10-19,48500.208333333336
2018-10-20,43668.270833333336
2018-10-21,42060.5625
2018-10-22,50087.5625
2018-10-23,52395.458333333336
2018-10-24,52429.333333333336
2018-10-25,51719.416666666664
2018-10-26,52943.895833333336
2018-10-27,50730.020833333336
2018-10-28,52672.75
2018-10-29,63478.291666666664
2018-10-30,64205.0625
2018-10-31,62362.833333333336
2018-11-01,53772.645833333336
2018-11-02,56679.145833333336
2018-11-03,55908.166666666664
2018-11-04,53084.729166666664
2018-11-05,57243.958333333336
2018-11-06,57135.1875
2018-11-07,58859.166666666664
2018-11-08,59689.541666666664
2018-11-09,58382.104166666664
2018-11-10,52036.666666666664
2018-11-11,48865.145833333336
2018-11-12,55486.791666666664
2018-11-13,56651.666666666664
2018-11-14,58050.729166666664
2018-11-15,58264.0
2018-11-16,59217.0
2018-11-17,56324.645833333336
2018-11-18,56732.5625
2018-11-19,68514.6875
2018-11-20,71803.45833333333
2018-11-21,71786.47916666667
2018-11-22,70453.79166666667
2018-11-23,68402.83333333333
2018-11-24,60360.770833333336
2018-11-25,59028.375
2018-11-26,67217.9375
2018-11-27,68621.58333333333
2018-11-28,66627.97916666667
2018-11-29,64280.395833333336
2018-11-30,63119.645833333336
2018-12-01,58613.479166666664
2018-12-02,54169.604166666664
2018-12-03,58829.479166666664
2018-12-04,59891.8125
2018-12-05,61798.458333333336
2018-12-06,60568.416666666664
2018-12-07,60785.645833333336
2018-12-08,57977.229166666664
2018-12-09,55424.895833333336
2018-12-10,63999.583333333336
2018-12-11,68256.77083333333
2018-12-12,71793.52083333333
2018-12-13,75093.97916666667
2018-12-14,76260.9375
2018-12-15,71726.625
2018-12-16,65146.958333333336
2018-12-17,69197.39583333333
2018-12-18,70737.29166666667
2018-12-19,68134.125
2018-12-20,67425.75
2018-12-21,64212.520833333336
2018-12-22,55893.791666666664
2018-12-23,53138.208333333336
2018-12-24,54331.125
2018-12-25,54584.1875
2018-12-26,65192.4375
2018-12-27,68783.9375
2018-12-28,68388.35416666667
2018-12-29,65269.145833333336
2018-12-30,61559.041666666664
2018-12-31,62406.1875
2019-01-01,58456.854166666664
2019-01-02,66135.66666666667
2019-01-03,72429.91666666667
2019-01-04,75035.77083333333
2019-01-05,70525.54166666667
2019-01-06,67694.64583333333
2019-01-07,73510.16666666667
2019-01-08,72492.60416666667
2019-01-09,74101.25
2019-01-10,77473.625
2019-01-11,76533.22916666667
2019-01-12,68562.58333333333
2019-01-13,62183.6875
2019-01-14,68072.20833333333
2019-01-15,70619.89583333333
2019-01-16,72926.14583333333
2019-01-17,71392.70833333333
2019-01-18,74970.70833333333
2019-01-19,70531.97916666667
2019-01-20,67246.5625
2019-01-21,76809.08333333333
2019-01-22,79380.16666666667
2019-01-23,78659.20833333333
2019-01-24,80309.91666666667
2019-01-25,77510.58333333333
2019-01-26,67508.29166666667
2019-01-27,64431.625
2019-01-28,73855.85416666667
2019-01-29,76675.39583333333
2019-01-30,77216.08333333333
2019-01-31,78307.60416666667
2019-02-01,73943.8125
2019-02-02,69333.0
2019-02-03,68711.16666666667
2019-02-04,78172.60416666667
2019-02-05,75308.5625
2019-02-06,72370.91666666667
2019-02-07,70569.64583333333
2019-02-08,69949.89583333333
2019-02-09,62651.729166666664
2019-02-10,60343.375
2019-02-11,69734.85416666667
2019-02-12,71763.16666666667
2019-02-13,71857.16666666667
2019-02-14,69983.79166666667
2019-02-15,66930.29166666667
2019-02-16,60210.520833333336
2019-02-17,56327.395833333336
2019-02-18,63091.6875
2019-02-19,64697.9375
2019-02-20,65548.25
2019-02-21,64367.6875
2019-02-22,62148.875
2019-02-23,55160.083333333336
2019-02-24,53696.25
2019-02-25,60462.895833333336
2019-02-26,59825.333333333336
2019-02-27,58780.229166666664
2019-02-28,59140.8125
2019-03-01,59320.770833333336
2019-03-02,54647.333333333336
2019-03-03,51936.416666666664
2019-03-04,60229.104166666664
2019-03-05,61895.166666666664
2019-03-06,61692.833333333336
2019-03-07,61069.625
2019-03-08,61395.9375
2019-03-09,55084.104166666664
2019-03-10,51253.916666666664
2019-03-11,61074.041666666664
2019-03-12,63878.833333333336
2019-03-13,64255.229166666664
2019-03-14,65125.333333333336
2019-03-15,61550.416666666664
2019-03-16,53494.0625
2019-03-17,52584.520833333336
2019-03-18,62325.9375
2019-03-19,62870.854166666664
2019-03-20,62042.5
2019-03-21,60067.291666666664
2019-03-22,57730.583333333336
2019-03-23,51469.604166666664
2019-03-24,48818.270833333336
2019-03-25,57077.25
2019-03-26,58960.770833333336
2019-03-27,58837.645833333336
2019-03-28,57769.5
2019-03-29,55647.666666666664
2019-03-30,48922.104166666664
2019-03-31,46230.9375
2019-04-01,52171.0
2019-04-02,53982.833333333336
2019-04-03,58972.458333333336
2019-04-04,61336.145833333336
2019-04-05,60028.5
2019-04-06,53908.1875
2019-04-07,50750.354166666664
2019-04-08,56627.083333333336
2019-04-09,56538.125
2019-04-10,56855.604166666664
2019-04-11,57170.6875
2019-04-12,57216.75
2019-04-13,53152.604166666664
2019-04-14,52241.041666666664
2019-04-15,57452.729166666664
2019-04-16,56242.291666666664
2019-04-17,54358.125
2019-04-18,51483.895833333336
2019-04-19,48949.666666666664
2019-04-20,43281.729166666664
2019-04-21,40540.583333333336
2019-04-22,41141.4375
2019-04-23,47849.6875
2019-04-24,49254.645833333336
2019-04-25,50926.354166666664
2019-04-26,51251.604166666664
2019-04-27,46814.229166666664
2019-04-28,46394.604166666664
2019-04-29,52229.041666666664
2019-04-30,51253.520833333336
2019-05-01,42965.770833333336
2019-05-02,49840.854166666664
2019-05-03,51112.854166666664
2019-05-04,48698.791666666664
2019-05-05,48957.125
2019-05-06,55150.083333333336
2019-05-07,53679.791666666664
2019-05-08,47370.125
2019-05-09,52171.625
2019-05-10,51591.6875
2019-05-11,45825.395833333336
2019-05-12,43723.8125
2019-05-13,49934.395833333336
2019-05-14,49668.208333333336
2019-05-15,49312.708333333336
2019-05-16,49207.041666666664
2019-05-17,49432.270833333336
2019-05-18,44623.166666666664
2019-05-19,42723.4375
2019-05-20,49223.229166666664
2019-05-21,49111.770833333336
2019-05-22,48312.041666666664
2019-05-23,47666.916666666664
2019-05-24,46872.645833333336
2019-05-25,41604.833333333336
2019-05-26,39343.604166666664
2019-05-27,46084.875
2019-05-28,47528.416666666664
2019-05-29,47937.666666666664
2019-05-30,41510.0625
2019-05-31,43175.416666666664
2019-06-01,40746.5625
2019-06-02,38540.020833333336
2019-06-03,45294.6875
2019-06-04,46523.479166666664
2019-06-05,46824.0
2019-06-06,46677.0
2019-06-07,46385.145833333336
2019-06-08,41315.145833333336
2019-06-09,38678.979166666664
2019-06-10,40629.395833333336
2019-06-11,47087.375
2019-06-12,47901.854166666664
2019-06-13,47452.416666666664
2019-06-14,46881.25
2019-06-15,41408.645833333336
2019-06-16,38932.895833333336
2019-06-17,45782.166666666664
2019-06-18,47095.354166666664
2019-06-19,47055.6875
2019-06-20,46737.791666666664
2019-06-21,46098.0
2019-06-22,41060.895833333336
2019-06-23,39076.958333333336
2019-06-24,47208.208333333336
2019-06-25,49374.5
2019-06-26,50320.729166666664
2019-06-27,50982.166666666664
2019-06-28,50134.958333333336
2019-06-29,45184.875
2019-06-30,42028.333333333336
2019-07-01,47997.666666666664
2019-07-02,48585.708333333336
2019-07-03,48785.291666666664
2019-07-04,49167.604166666664
2019-07-05,49485.916666666664
2019-07-06,44176.8125
2019-07-07,41045.916666666664
2019-07-08,47473.020833333336
2019-07-09,47392.125
2019-07-10,47867.729166666664
2019-07-11,48279.395833333336
2019-07-12,47991.833333333336
2019-07-13,42687.958333333336
2019-07-14,39519.6875
2019-07-15,45962.791666666664
2019-07-16,47671.1875
2019-07-17,48111.645833333336
2019-07-18,48082.583333333336
2019-07-19,47841.291666666664
2019-07-20,42823.083333333336
2019-07-21,40428.083333333336
2019-07-22,48263.833333333336
2019-07-23,50561.895833333336
2019-07-24,51247.833333333336
2019-07-25,51166.0
2019-07-26,48523.416666666664
2019-07-27,41070.5
2019-07-28,37427.520833333336
2019-07-29,43619.104166666664
2019-07-30,44691.625
2019-07-31,44490.395833333336
2019-08-01,44697.6875
2019-08-02,44197.458333333336
2019-08-03,40177.729166666664
2019-08-04,38201.520833333336
2019-08-05,42761.520833333336
2019-08-06,43339.645833333336
2019-08-07,42808.25
2019-08-08,43422.5625
2019-08-09,43692.979166666664
2019-08-10,39245.625
2019-08-11,36757.270833333336
2019-08-12,40299.6875
2019-08-13,40737.041666666664
2019-08-14,41008.479166666664
2019-08-15,37609.0625
2019-08-16,39850.125
2019-08-17,38449.4375
2019-08-18,37057.125
2019-08-19,41705.8125
2019-08-20,42751.125
2019-08-21,43140.583333333336
2019-08-22,43517.791666666664
2019-08-23,43763.479166666664
2019-08-24,40352.0625
2019-08-25,38570.875
2019-08-26,45624.0
2019-08-27,47153.666666666664
2019-08-28,47414.041666666664
2019-08-29,47377.5625
2019-08-30,47098.5625
2019-08-31,42103.8125
2019-09-01,39245.25
2019-09-02,45118.9375
2019-09-03,46532.8125
2019-09-04,46835.125
2019-09-05,46408.75
2019-09-06,45929.916666666664
2019-09-07,40733.6875
2019-09-08,38817.541666666664
2019-09-09,45825.729166666664
2019-09-10,46845.75
2019-09-11,46993.291666666664
2019-09-12,47074.625
2019-09-13,46456.125
2019-09-14,41222.458333333336
2019-09-15,39042.416666666664
2019-09-16,45936.541666666664
2019-09-17,46850.729166666664
2019-09-18,46620.8125
2019-09-19,46493.583333333336
2019-09-20,46185.375
2019-09-21,41068.875
2019-09-22,38525.5625
2019-09-23,44896.979166666664
2019-09-24,46167.729166666664
2019-09-25,46891.145833333336
2019-09-26,47239.375
2019-09-27,46458.3125
2019-09-28,41438.645833333336
2019-09-29,39592.020833333336
2019-09-30,46229.3125
2019-10-01,47485.3125
2019-10-02,47883.4375
2019-10-03,49402.875
2019-10-04,49027.520833333336
2019-10-05,43600.4375
2019-10-06,41335.145833333336
2019-10-07,48396.625
2019-10-08,49387.916666666664
2019-10-09,49864.125
2019-10-10,49934.604166666664
2019-10-11,49007.541666666664
2019-10-12,43138.333333333336
2019-10-13,40471.0625
2019-10-14,46881.895833333336
2019-10-15,48482.333333333336
2019-10-16,49882.166666666664
2019-10-17,50008.3125
2019-10-18,49516.333333333336
2019-10-19,44707.4375
2019-10-20,43168.708333333336
2019-10-21,50711.458333333336
2019-10-22,53200.479166666664
2019-10-23,52503.895833333336
2019-10-24,51652.3125
2019-10-25,50957.854166666664
2019-10-26,45315.25
2019-10-27,43902.583333333336
2019-10-28,52447.479166666664
2019-10-29,54269.020833333336
2019-10-30,54700.9375
2019-10-31,54120.395833333336
2019-11-01,47417.4375
2019-11-02,46340.541666666664
2019-11-03,46418.0625
2019-11-04,54180.8125
2019-11-05,56959.395833333336
2019-11-06,57945.458333333336
2019-11-07,59836.354166666664
2019-11-08,61771.125
2019-11-09,57556.770833333336
2019-11-10,55681.770833333336
2019-11-11,57542.604166666664
2019-11-12,64653.083333333336
2019-11-13,66392.89583333333
2019-11-14,68430.64583333333
2019-11-15,69615.20833333333
2019-11-16,63850.916666666664
2019-11-17,61159.083333333336
2019-11-18,68871.20833333333
2019-11-19,70053.20833333333
2019-11-20,71266.45833333333
2019-11-21,69913.3125
2019-11-22,66054.375
2019-11-23,58145.145833333336
2019-11-24,55944.604166666664
2019-11-25,61693.958333333336
2019-11-26,61151.083333333336
2019-11-27,60723.4375
2019-11-28,60913.25
2019-11-29,61032.979166666664
2019-11-30,59279.375
2019-12-01,58944.625
2019-12-02,68387.5625
2019-12-03,72277.33333333333
2019-12-04,73649.52083333333
2019-12-05,73344.95833333333
2019-12-06,72251.6875
2019-12-07,61504.833333333336
2019-12-08,57865.8125
2019-12-09,66388.75
2019-12-10,69837.79166666667
2019-12-11,70653.91666666667
2019-12-12,70857.04166666667
2019-12-13,67718.04166666667
2019-12-14,60104.25
2019-12-15,56425.75
2019-12-16,62644.520833333336
2019-12-17,61163.25
2019-12-18,61595.833333333336
2019-12-19,60134.791666666664
2019-12-20,58856.458333333336
2019-12-21,56222.395833333336
2019-12-22,54881.333333333336
2019-12-23,59111.729166666664
2019-12-24,55739.541666666664
2019-12-25,50828.416666666664
2019-12-26,57998.166666666664
2019-12-27,57654.541666666664
2019-12-28,56572.770833333336
2019-12-29,59809.791666666664
2019-12-30,65938.83333333333
2019-12-31,66632.5
2020-01-01,60785.958333333336
2020-01-02,64966.583333333336
2020-01-03,63830.416666666664
2020-01-04,60931.5625
2020-01-05,60551.5
2020-01-06,69904.625
2020-01-07,68540.1875
2020-01-08,65545.875
2020-01-09,63750.770833333336
2020-01-10,64752.520833333336
2020-01-11,62084.729166666664
2020-01-12,61293.5625
2020-01-13,67812.60416666667
2020-01-14,67291.66666666667
2020-01-15,65833.91666666667
2020-01-16,64789.520833333336
2020-01-17,64754.5625
2020-01-18,62903.041666666664
2020-01-19,63907.854166666664
2020-01-20,73132.60416666667
2020-01-21,74866.66666666667
2020-01-22,75599.6875
2020-01-23,75191.10416666667
2020-01-24,73312.16666666667
2020-01-25,66715.02083333333
2020-01-26,61810.583333333336
2020-01-27,68214.3125
2020-01-28,69240.27083333333
2020-01-29,68410.85416666667
2020-01-30,67455.66666666667
2020-01-31,61826.208333333336
2020-02-01,55672.0
2020-02-02,52669.6875
2020-02-03,58398.354166666664
2020-02-04,63533.375
2020-02-05,66248.85416666667
2020-02-06,68359.02083333333
2020-02-07,68208.4375
2020-02-08,60175.75
2020-02-09,57084.479166666664
2020-02-10,61772.958333333336
2020-02-11,64842.0625
2020-02-12,66509.47916666667
2020-02-13,67225.72916666667
2020-02-14,63440.020833333336
2020-02-15,57481.729166666664
2020-02-16,52842.895833333336
2020-02-17,60800.8125
2020-02-18,64212.666666666664
2020-02-19,64832.270833333336
2020-02-20,63993.833333333336
2020-02-21,64359.083333333336
2020-02-22,58595.020833333336
2020-02-23,53827.666666666664
2020-02-24,59050.0625
2020-02-25,61552.75
2020-02-26,66679.04166666667
2020-02-27,68286.85416666667
2020-02-28,67109.1875
2020-02-29,58728.979166666664
2020-03-01,56973.270833333336
2020-03-02,64943.6875
2020-03-03,67779.25
2020-03-04,67581.16666666667
2020-03-05,65386.875
2020-03-06,66287.875
2020-03-07,60446.145833333336
2020-03-08,56522.666666666664
2020-03-09,62808.270833333336
2020-03-10,63158.354166666664
2020-03-11,58516.729166666664
2020-03-12,58289.791666666664
2020-03-13,59280.8125
2020-03-14,54836.604166666664
2020-03-15,50592.0625
2020-03-16,56022.729166666664
2020-03-17,53727.020833333336
2020-03-18,49797.1875
2020-03-19,47393.875
2020-03-20,46204.9375
2020-03-21,45778.0
2020-03-22,46284.5625
2020-03-23,49762.6875
2020-03-24,50910.270833333336
2020-03-25,51864.041666666664
2020-03-26,52684.729166666664
2020-03-27,51686.270833333336
2020-03-28,47038.25
2020-03-29,48170.5625
2020-03-30,55293.916666666664
2020-03-31,54105.604166666664
2020-04-01,52383.583333333336
2020-04-02,51936.833333333336
2020-04-03,50226.8125
2020-04-04,45688.979166666664
2020-04-05,41614.958333333336
2020-04-06,44132.479166666664
2020-04-07,44202.791666666664
2020-04-08,42825.75
2020-04-09,41855.5625
2020-04-10,40639.770833333336
2020-04-11,37964.666666666664
2020-04-12,36706.3125
2020-04-13,37767.041666666664
2020-04-14,42746.916666666664
2020-04-15,43737.25
2020-04-16,42550.333333333336
2020-04-17,41283.6875
2020-04-18,38085.770833333336
2020-04-19,37287.625
2020-04-20,41660.4375
2020-04-21,42581.645833333336
2020-04-22,42581.6875
2020-04-23,42059.5
2020-04-24,41139.645833333336
2020-04-25,37802.083333333336
2020-04-26,36834.833333333336
2020-04-27,41073.479166666664
2020-04-28,42697.75
2020-04-29,43602.6875
2020-04-30,43987.458333333336
2020-05-01,39759.25
2020-05-02,39857.583333333336
2020-05-03,38463.979166666664
2020-05-04,42135.3125
2020-05-05,42716.395833333336
2020-05-06,42312.333333333336
2020-05-07,41799.125
2020-05-08,37728.25
2020-05-09,36990.6875
2020-05-10,36296.291666666664
2020-05-11,43494.270833333336
2020-05-12,45779.520833333336
2020-05-13,46562.166666666664
2020-05-14,46703.291666666664
2020-05-15,45529.145833333336
2020-05-16,40527.9375
2020-05-17,37860.979166666664
2020-05-18,42531.3125
2020-05-19,42898.666666666664
2020-05-20,42611.5625
2020-05-21,38090.020833333336
2020-05-22,39659.458333333336
2020-05-23,37610.5
2020-05-24,35793.895833333336
2020-05-25,41626.5
2020-05-26,42838.1875
2020-05-27,42803.895833333336
2020-05-28,42907.729166666664
2020-05-29,42270.020833333336
2020-05-30,37982.458333333336
2020-05-31,35618.708333333336
2020-06-01,37393.8125
2020-06-02,42894.25
2020-06-03,43628.645833333336
2020-06-04,43693.729166666664
2020-06-05,43366.583333333336
2020-06-06,38775.645833333336
2020-06-07,36911.958333333336
2020-06-08,42930.354166666664
2020-06-09,44508.229166666664
2020-06-10,44770.270833333336
2020-06-11,44800.833333333336
2020-06-12,44240.125
2020-06-13,39364.958333333336
2020-06-14,37228.020833333336
2020-06-15,43267.208333333336
2020-06-16,44451.708333333336
2020-06-17,44500.791666666664
2020-06-18,44550.5625
2020-06-19,43854.666666666664
2020-06-20,39341.5
2020-06-21,37086.895833333336
2020-06-22,43589.041666666664
2020-06-23,45050.229166666664
2020-06-24,45914.729166666664
2020-06-25,46564.458333333336
2020-06-26,45452.75
2020-06-27,40009.854166666664
2020-06-28,37856.4375
2020-06-29,44058.166666666664
2020-06-30,45217.4375
2020-07-01,45885.020833333336
2020-07-02,45685.791666666664
2020-07-03,44810.520833333336
2020-07-04,40295.979166666664
2020-07-05,38564.666666666664
2020-07-06,44645.458333333336
2020-07-07,45843.270833333336
2020-07-08,46453.0
2020-07-09,47202.520833333336
2020-07-10,46288.4375
2020-07-11,40725.375
2020-07-12,38254.5
2020-07-13,42454.895833333336
2020-07-14,40057.645833333336
2020-07-15,45087.854166666664
2020-07-16,45934.479166666664
2020-07-17,45792.0
2020-07-18,41063.25
2020-07-19,38785.125
2020-07-20,45373.604166666664
2020-07-21,46638.604166666664
2020-07-22,46569.416666666664
2020-07-23,46757.5
2020-07-24,45892.166666666664
2020-07-25,40974.9375
2020-07-26,38579.5
2020-07-27,45108.6875
2020-07-28,45932.75
2020-07-29,46025.229166666664
2020-07-30,46744.833333333336
2020-07-31,46518.354166666664
2020-08-01,41343.291666666664
2020-08-02,37869.479166666664
2020-08-03,41414.458333333336
2020-08-04,41911.166666666664
2020-08-05,42316.8125
2020-08-06,43091.375
2020-08-07,43777.958333333336
2020-08-08,40801.854166666664
2020-08-09,39131.416666666664
2020-08-10,43342.583333333336
2020-08-11,44268.5
2020-08-12,43891.020833333336
2020-08-13,42655.833333333336
2020-08-14,41971.458333333336
2020-08-15,38407.416666666664
2020-08-16,36701.8125
2020-08-17,41094.0625
2020-08-18,42435.916666666664
2020-08-19,43203.75
2020-08-20,44354.458333333336
2020-08-21,44423.166666666664
2020-08-22,40144.541666666664
2020-08-23,37516.5625
2020-08-24,42969.8125
2020-08-25,44886.020833333336
2020-08-26,45383.1875
2020-08-27,45373.25
2020-08-28,44484.8125
2020-08-29,39279.229166666664
2020-08-30,37415.708333333336
2020-08-31,43684.520833333336
2020-09-01,45057.979166666664
2020-09-02,45168.708333333336
2020-09-03,45610.020833333336
2020-09-04,45439.979166666664
2020-09-05,40040.9375
2020-09-06,37856.958333333336
2020-09-07,44196.104166666664
2020-09-08,45635.958333333336
2020-09-09,45911.979166666664
2020-09-10,46015.666666666664
2020-09-11,45490.166666666664
2020-09-12,40501.583333333336
2020-09-13,38471.270833333336
2020-09-14,45447.125
2020-09-15,46835.104166666664
2020-09-16,47122.8125
2020-09-17,46507.833333333336
2020-09-18,45791.208333333336
2020-09-19,40958.875
2020-09-20,38221.333333333336
2020-09-21,44417.6875
2020-09-22,45321.791666666664
2020-09-23,45519.0
2020-09-24,45823.3125
2020-09-25,46359.020833333336
2020-09-26,42938.291666666664
2020-09-27,42954.229166666664
2020-09-28,49688.979166666664
2020-09-29,49860.854166666664
2020-09-30,48813.958333333336
2020-10-01,49142.5625
2020-10-02,50207.1875
2020-10-03,46057.3125
2020-10-04,44586.354166666664
2020-10-05,51940.041666666664
2020-10-06,52513.625
2020-10-07,51447.125
2020-10-08,50622.0
2020-10-09,49449.229166666664
2020-10-10,45274.708333333336
2020-10-11,45020.270833333336
2020-10-12,53314.708333333336
2020-10-13,55079.458333333336
2020-10-14,56000.916666666664
2020-10-15,57264.895833333336
2020-10-16,56934.0
2020-10-17,51106.875
2020-10-18,48860.395833333336
2020-10-19,55263.5625
2020-10-20,54488.0
2020-10-21,51826.5
2020-10-22,50918.770833333336
2020-10-23,50456.895833333336
2020-10-24,46139.895833333336
2020-10-25,45490.916666666664
2020-10-26,53965.1875
2020-10-27,56332.75
2020-10-28,55118.083333333336
2020-10-29,53865.375
2020-10-30,51862.979166666664
2020-10-31,47067.729166666664
2020-11-01,44741.0
2020-11-02,49726.270833333336
2020-11-03,53627.666666666664
2020-11-04,57197.958333333336
2020-11-05,58029.333333333336
2020-11-06,56568.291666666664
2020-11-07,49462.458333333336
2020-11-08,45730.791666666664
2020-11-09,51198.458333333336
2020-11-10,52535.625
2020-11-11,48586.791666666664
2020-11-12,53101.791666666664
2020-11-13,53145.145833333336
2020-11-14,47410.020833333336
2020-11-15,46590.270833333336
2020-11-16,53914.979166666664
2020-11-17,55729.645833333336
2020-11-18,55709.916666666664
2020-11-19,56597.395833333336
2020-11-20,59368.895833333336
2020-11-21,56785.604166666664
2020-11-22,55830.520833333336
2020-11-23,61980.229166666664
2020-11-24,63620.25
2020-11-25,62615.291666666664
2020-11-26,61745.854166666664
2020-11-27,60582.916666666664
2020-11-28,55563.104166666664
2020-11-29,56757.104166666664
2020-11-30,67036.39583333333
2020-12-01,67702.3125
2020-12-02,68115.91666666667
2020-12-03,67707.77083333333
2020-12-04,67253.89583333333
2020-12-05,64492.708333333336
2020-12-06,62456.75
2020-12-07,70800.33333333333
2020-12-08,71507.125
2020-12-09,72957.6875
2020-12-10,71252.70833333333
2020-12-11,68172.64583333333
2020-12-12,60463.8125
2020-12-13,59527.041666666664
2020-12-14,64290.875
2020-12-15,63105.9375
2020-12-16,64172.875
2020-12-17,62964.5
2020-12-18,62093.333333333336
2020-12-19,56605.8125
2020-12-20,54442.354166666664
2020-12-21,60600.395833333336
2020-12-22,57202.229166666664
2020-12-23,56299.25
2020-12-24,56929.979166666664
2020-12-25,57518.979166666664
2020-12-26,62231.770833333336
2020-12-27,62307.25
2020-12-28,64618.833333333336
2020-12-29,65387.916666666664
2020-12-30,66184.875
2020-12-31,65346.0625
2021-01-01,63176.104166666664
2021-01-02,67626.83333333333
2021-01-03,66832.85416666667
2021-01-04,75502.5
2021-01-05,77957.89583333333
2021-01-06,77922.375
2021-01-07,78795.375
2021-01-08,78858.41666666667
2021-01-09,74925.4375
2021-01-10,72883.10416666667
2021-01-11,80112.58333333333
2021-01-12,77944.20833333333
2021-01-13,71970.14583333333
2021-01-14,69891.3125
2021-01-15,72275.89583333333
2021-01-16,71508.6875
2021-01-17,65449.833333333336
2021-01-18,73169.91666666667
2021-01-19,73765.0625
2021-01-20,70055.39583333333
2021-01-21,67522.4375
2021-01-22,67080.125
2021-01-23,65010.479166666664
2021-01-24,65576.25
2021-01-25,72636.95833333333
2021-01-26,76428.47916666667
2021-01-27,73067.41666666667
2021-01-28,66179.79166666667
2021-01-29,62665.791666666664
2021-01-30,58441.833333333336
2021-01-31,56977.9375
2021-02-01,63181.541666666664
2021-02-02,61908.979166666664
2021-02-03,61431.708333333336
2021-02-04,62763.8125
2021-02-05,61234.291666666664
2021-02-06,57163.0625
2021-02-07,59025.729166666664
2021-02-08,70941.47916666667
2021-02-09,74853.83333333333
2021-02-10,75912.02083333333
2021-02-11,78529.52083333333
2021-02-12,79062.8125
2021-02-13,75460.0
2021-02-14,72341.10416666667
2021-02-15,72909.77083333333
2021-02-16,68287.54166666667
2021-02-17,63997.25
2021-02-18,64533.645833333336
2021-02-19,62067.104166666664
2021-02-20,54048.041666666664
2021-02-21,51111.583333333336
2021-02-22,57735.25
2021-02-23,56170.833333333336
2021-02-24,54836.916666666664
2021-02-25,55327.020833333336
2021-02-26,56664.020833333336
2021-02-27,54787.0625
2021-02-28,53620.041666666664
2021-03-01,59333.458333333336
2021-03-02,59580.458333333336
2021-03-03,58909.583333333336
2021-03-04,58944.229166666664
2021-03-05,61243.4375
2021-03-06,58344.041666666664
2021-03-07,56870.75
2021-03-08,63165.208333333336
2021-03-09,64206.645833333336
2021-03-10,64399.75
2021-03-11,60707.104166666664
2021-03-12,60423.520833333336
2021-03-13,56307.333333333336
2021-03-14,55189.1875
2021-03-15,61689.375
2021-03-16,62372.583333333336
2021-03-17,62554.125
2021-03-18,64577.229166666664
2021-03-19,64500.291666666664
2021-03-20,59783.416666666664
2021-03-21,57687.5
2021-03-22,62762.145833333336
2021-03-23,60880.958333333336
2021-03-24,58397.208333333336
2021-03-25,56800.9375
2021-03-26,56430.833333333336
2021-03-27,51712.354166666664
2021-03-28,48930.479166666664
2021-03-29,51956.75
2021-03-30,49918.166666666664
2021-03-31,48528.479166666664
2021-04-01,48008.083333333336
2021-04-02,47588.354166666664
2021-04-03,46577.208333333336
2021-04-04,46125.083333333336
2021-04-05,48774.791666666664
2021-04-06,58679.375
2021-04-07,61710.791666666664
2021-04-08,59349.166666666664
2021-04-09,56095.25
2021-04-10,50245.520833333336
2021-04-11,50339.916666666664
2021-04-12,58612.333333333336
2021-04-13,58870.020833333336
2021-04-14,58401.354166666664
2021-04-15,58729.395833333336
2021-04-16,58840.75
2021-04-17,53085.1875
2021-04-18,49859.6875
2021-04-19,53931.604166666664
2021-04-20,52753.729166666664
2021-04-21,51517.229166666664
2021-04-22,50350.875
2021-04-23,48715.958333333336
2021-04-24,43183.083333333336
2021-04-25,41420.458333333336
2021-04-26,48186.041666666664
2021-04-27,49089.229166666664
2021-04-28,49596.895833333336
2021-04-29,50730.020833333336
2021-04-30,50973.604166666664
2021-05-01,45421.666666666664
2021-05-02,45516.229166666664
2021-05-03,51185.791666666664
2021-05-04,51895.6875
2021-05-05,51746.895833333336
2021-05-06,53408.916666666664
2021-05-07,51057.770833333336
2021-05-08,42916.729166666664
2021-05-09,39762.729166666664
2021-05-10,45968.75
2021-05-11,48004.645833333336
2021-05-12,48767.020833333336
2021-05-13,44004.333333333336
2021-05-14,45916.9375
2021-05-15,44441.916666666664
2021-05-16,42945.458333333336
2021-05-17,48926.229166666664
2021-05-18,49925.541666666664
2021-05-19,50120.979166666664
2021-05-20,49677.354166666664
2021-05-21,48762.854166666664
2021-05-22,44306.229166666664
2021-05-23,41684.604166666664
2021-05-24,44044.395833333336
2021-05-25,49623.270833333336
2021-05-26,49922.270833333336
2021-05-27,48386.9375
2021-05-28,46276.5625
2021-05-29,40636.458333333336
2021-05-30,38157.666666666664
2021-05-31,44057.75
2021-06-01,45210.104166666664
2021-06-02,45518.104166666664
2021-06-03,45635.104166666664
2021-06-04,45126.104166666664
2021-06-05,39998.291666666664
2021-06-06,38032.729166666664
2021-06-07,44307.8125
2021-06-08,45438.479166666664
2021-06-09,45857.1875
2021-06-10,46138.229166666664
2021-06-11,45886.229166666664
2021-06-12,41043.145833333336
2021-06-13,38799.875
2021-06-14,45882.041666666664
2021-06-15,47415.75
2021-06-16,48035.3125
2021-06-17,47447.083333333336
2021-06-18,46387.625
2021-06-19,41429.979166666664
2021-06-20,38670.5625
2021-06-21,44778.75
2021-06-22,45735.333333333336
2021-06-23,45855.0
2021-06-24,45573.979166666664
2021-06-25,44946.916666666664
2021-06-26,40393.020833333336
2021-06-27,38584.041666666664
2021-06-28,44775.75
2021-06-29,45765.3125
2021-06-30,45802.0
2021-07-01,45884.395833333336
2021-07-02,45821.5625
2021-07-03,40887.229166666664
2021-07-04,38597.708333333336
2021-07-05,45145.8125
2021-07-06,46163.0625
2021-07-07,46013.145833333336
2021-07-08,45928.229166666664
2021-07-09,45456.4375
2021-07-10,40808.291666666664
2021-07-11,38529.25
2021-07-12,44956.9375
2021-07-13,45500.291666666664
2021-07-14,40528.395833333336
2021-07-15,45024.1875
2021-07-16,44898.645833333336
2021-07-17,40629.9375
2021-07-18,38913.854166666664
2021-07-19,45909.104166666664
2021-07-20,47253.375
2021-07-21,47524.729166666664
2021-07-22,47737.041666666664
2021-07-23,47058.479166666664
2021-07-24,41434.229166666664
2021-07-25,38908.541666666664
2021-07-26,44642.333333333336
2021-07-27,45797.3125
2021-07-28,45408.020833333336
2021-07-29,45218.416666666664
2021-07-30,44305.020833333336
2021-07-31,39783.333333333336
2021-08-01,37162.645833333336
2021-08-02,41344.6875
2021-08-03,42247.520833333336
2021-08-04,42103.833333333336
2021-08-05,41558.645833333336
2021-08-06,41005.1875
2021-08-07,37807.645833333336
2021-08-08,35991.4375
2021-08-09,40105.166666666664
2021-08-10,41362.875
2021-08-11,42211.25
2021-08-12,42819.479166666664
2021-08-13,43011.354166666664
2021-08-14,40570.583333333336
2021-08-15,38229.125
2021-08-16,41306.270833333336
2021-08-17,42127.166666666664
2021-08-18,42487.104166666664
2021-08-19,42673.270833333336
2021-08-20,42867.895833333336
2021-08-21,39935.9375
2021-08-22,37972.125
2021-08-23,43165.333333333336
2021-08-24,44007.791666666664
2021-08-25,44351.875
2021-08-26,44987.895833333336
2021-08-27,44431.8125
2021-08-28,40160.979166666664
2021-08-29,38461.8125
2021-08-30,44769.979166666664
2021-08-31,46150.5
2021-09-01,46488.270833333336
2021-09-02,46489.479166666664
2021-09-03,45977.875
2021-09-04,41094.75
2021-09-05,39332.708333333336
2021-09-06,46005.791666666664
2021-09-07,47241.229166666664
2021-09-08,47219.4375
2021-09-09,46930.395833333336
2021-09-10,46034.395833333336
2021-09-11,40757.354166666664
2021-09-12,38735.291666666664
2021-09-13,45232.479166666664
2021-09-14,46735.0
2021-09-15,46836.3125
2021-09-16,46383.6875
2021-09-17,45535.354166666664
2021-09-18,40730.979166666664
2021-09-19,38701.75
2021-09-20,44908.708333333336
2021-09-21,45894.875
2021-09-22,46121.770833333336
2021-09-23,46259.083333333336
2021-09-24,45732.458333333336
2021-09-25,41058.0625
2021-09-26,38676.25
2021-09-27,45303.583333333336
2021-09-28,46596.541666666664
2021-09-29,47094.291666666664
2021-09-30,47620.833333333336
2021-10-01,47697.583333333336
2021-10-02,42977.9375
2021-10-03,41024.020833333336
2021-10-04,47316.791666666664
2021-10-05,48933.770833333336
2021-10-06,49839.020833333336
2021-10-07,49912.5625
2021-10-08,49085.145833333336
2021-10-09,44034.083333333336
2021-10-10,42656.729166666664
2021-10-11,49519.020833333336
2021-10-12,51544.083333333336
2021-10-13,51827.041666666664
2021-10-14,52955.9375
2021-10-15,52312.875
2021-10-16,47333.5625
2021-10-17,45733.5
2021-10-18,51491.916666666664
2021-10-19,50346.4375
2021-10-20,50051.9375
2021-10-21,50680.104166666664
2021-10-22,52415.270833333336
2021-10-23,48177.6875
2021-10-24,47252.791666666664
2021-10-25,53146.104166666664
2021-10-26,53481.666666666664
2021-10-27,53551.375
2021-10-28,53622.125
2021-10-29,52477.666666666664
2021-10-30,47438.75
2021-10-31,44693.583333333336
2021-11-01,46962.541666666664
2021-11-02,54885.854166666664
2021-11-03,57616.791666666664
2021-11-04,60214.041666666664
2021-11-05,60357.958333333336
2021-11-06,56932.583333333336
2021-11-07,53840.125
2021-11-08,59935.104166666664
2021-11-09,62258.166666666664
2021-11-10,63660.666666666664
2021-11-11,57117.104166666664
2021-11-12,59400.75
2021-11-13,53852.125
2021-11-14,51359.479166666664
2021-11-15,60512.208333333336
2021-11-16,62529.520833333336
2021-11-17,62447.041666666664
2021-11-18,62799.6875
2021-11-19,62471.375
2021-11-20,58228.3125
2021-11-21,57245.666666666664
2021-11-22,65678.4375
2021-11-23,68042.95833333333
2021-11-24,68604.08333333333
2021-11-25,69264.875
2021-11-26,69582.04166666667
2021-11-27,65342.895833333336
2021-11-28,65299.625
2021-11-29,73493.6875
2021-11-30,74693.89583333333
2021-12-01,70091.41666666667
2021-12-02,71654.125
2021-12-03,73564.75
2021-12-04,63056.979166666664
2021-12-05,63549.104166666664
2021-12-06,70529.9375
2021-12-07,71473.47916666667
2021-12-08,71589.95833333333
2021-12-09,73340.10416666667
2021-12-10,72196.04166666667
2021-12-11,66461.375
2021-12-12,62012.833333333336
2021-12-13,67740.77083333333
2021-12-14,70145.97916666667
2021-12-15,70198.14583333333
2021-12-16,69858.25
2021-12-17,69650.875
2021-12-18,65189.8125
2021-12-19,64627.6875
2021-12-20,72395.6875
2021-12-21,75110.79166666667
2021-12-22,77162.5625
2021-12-23,71305.25
2021-12-24,61406.75
2021-12-25,53687.520833333336
2021-12-26,53843.541666666664
2021-12-27,57965.958333333336
2021-12-28,57700.958333333336
2021-12-29,55535.354166666664
2021-12-30,52834.520833333336
2021-12-31,53373.854166666664
2022-01-01,50392.729166666664
2022-01-02,52312.520833333336
2022-01-03,59529.729166666664
2022-01-04,62207.875
2022-01-05,68334.75
2022-01-06,72562.97916666667
2022-01-07,72429.95833333333
2022-01-08,65133.5625
2022-01-09,62454.833333333336
2022-01-10,69600.5625
2022-01-11,72614.89583333333
2022-01-12,75118.41666666667
2022-01-13,76408.97916666667
2022-01-14,77287.1875
2022-01-15,72874.52083333333
2022-01-16,70711.47916666667
2022-01-17,74668.0
2022-01-18,75098.77083333333
2022-01-19,74978.35416666667
2022-01-20,73797.45833333333
2022-01-21,75236.16666666667
2022-01-22,70402.58333333333
2022-01-23,67432.5
2022-01-24,74803.60416666667
2022-01-25,77764.47916666667
2022-01-26,78374.14583333333
2022-01-27,77493.14583333333
2022-01-28,74330.8125
2022-01-29,67133.35416666667
2022-01-30,62109.125
2022-01-31,69934.64583333333
2022-02-01,71869.20833333333
2022-02-02,67294.6875
2022-02-03,67597.27083333333
2022-02-04,66507.0625
2022-02-05,62094.625
2022-02-06,61556.770833333336
2022-02-07,64835.270833333336
2022-02-08,66519.89583333333
2022-02-09,66171.25
2022-02-10,65813.16666666667
2022-02-11,66653.89583333333
2022-02-12,64375.541666666664
2022-02-13,60824.5625
2022-02-14,64606.395833333336
2022-02-15,66966.6875
2022-02-16,65238.0625
2022-02-17,60878.458333333336
2022-02-18,60036.9375
2022-02-19,58491.291666666664
2022-02-20,56233.854166666664
2022-02-21,63398.791666666664
2022-02-22,63797.0625
2022-02-23,62211.979166666664
2022-02-24,63187.125
2022-02-25,64652.1875
2022-02-26,60716.833333333336
2022-02-27,59249.416666666664
2022-02-28,64028.166666666664
2022-03-01,63931.895833333336
2022-03-02,63114.833333333336
2022-03-03,61699.395833333336
2022-03-04,61523.833333333336
2022-03-05,58380.291666666664
2022-03-06,58364.6875
2022-03-07,67208.5
2022-03-08,67176.79166666667
2022-03-09,63536.541666666664
2022-03-10,61007.875
2022-03-11,60574.520833333336
2022-03-12,55827.541666666664
2022-03-13,54727.583333333336
2022-03-14,60229.979166666664
2022-03-15,58920.875
2022-03-16,58166.625
2022-03-17,59260.9375
2022-03-18,59853.1875
2022-03-19,53634.520833333336
2022-03-20,51263.375
2022-03-21,55368.020833333336
2022-03-22,55409.6875
2022-03-23,55607.770833333336
2022-03-24,55060.708333333336
2022-03-25,53140.916666666664
2022-03-26,47547.9375
2022-03-27,44993.020833333336
2022-03-28,50317.208333333336
2022-03-29,51305.916666666664
2022-03-30,53426.3125
2022-03-31,57351.354166666664
2022-04-01,64993.604166666664
2022-04-02,62704.583333333336
2022-04-03,60397.375
2022-04-04,64863.916666666664
2022-04-05,61993.875
2022-04-06,59639.916666666664
2022-04-07,58429.291666666664
2022-04-08,58149.666666666664
2022-04-09,54127.25
2022-04-10,51516.104166666664
2022-04-11,54138.1875
2022-04-12,52039.3125
2022-04-13,51314.25
2022-04-14,49550.8125
2022-04-15,47015.125
2022-04-16,42024.083333333336
2022-04-17,39846.333333333336
2022-04-18,40908.8125
2022-04-19,47483.854166666664
2022-04-20,49160.166666666664
2022-04-21,48890.0
2022-04-22,47594.854166666664
2022-04-23,43761.979166666664
2022-04-24,42519.770833333336
2022-04-25,48364.854166666664
2022-04-26,48962.104166666664
2022-04-27,48386.125
2022-04-28,47737.291666666664
2022-04-29,46756.75
2022-04-30,42209.333333333336
2022-05-01,39670.083333333336
2022-05-02,45858.395833333336
2022-05-03,47191.4375
2022-05-04,47633.791666666664
2022-05-05,47873.8125
2022-05-06,47222.8125
2022-05-07,41717.854166666664
2022-05-08,39290.270833333336
2022-05-09,45132.0625
2022-05-10,45859.708333333336
2022-05-11,45875.75
2022-05-12,45910.270833333336
2022-05-13,45382.166666666664
2022-05-14,40653.979166666664
2022-05-15,38386.416666666664
2022-05-16,44621.916666666664
2022-05-17,46019.770833333336
2022-05-18,46641.729166666664
2022-05-19,46545.541666666664
2022-05-20,45823.854166666664
2022-05-21,40899.395833333336
2022-05-22,38818.979166666664
2022-05-23,44802.145833333336
2022-05-24,44928.229166666664
2022-05-25,45156.291666666664
2022-05-26,40268.3125
2022-05-27,41686.458333333336
2022-05-28,39672.041666666664
2022-05-29,38019.75
2022-05-30,44559.625
2022-05-31,45773.979166666664
2022-06-01,46021.3125
2022-06-02,46138.645833333336
2022-06-03,45699.104166666664
2022-06-04,41022.958333333336
2022-06-05,38073.229166666664
2022-06-06,39658.3125
2022-06-07,44882.854166666664
2022-06-08,45616.5
2022-06-09,45508.875
2022-06-10,45427.270833333336
2022-06-11,40962.541666666664
2022-06-12,39000.208333333336
2022-06-13,45176.083333333336
2022-06-14,46852.875
2022-06-15,47960.375
2022-06-16,48376.083333333336
2022-06-17,48539.1875
2022-06-18,44108.083333333336
2022-06-19,40748.75
2022-06-20,46381.729166666664
2022-06-21,47220.166666666664
2022-06-22,47195.8125
2022-06-23,46904.1875
2022-06-24,45496.041666666664
2022-06-25,40422.9375
2022-06-26,38650.020833333336
2022-06-27,44627.979166666664
2022-06-28,45657.895833333336
2022-06-29,46175.416666666664
2022-06-30,46129.520833333336
2022-07-01,44959.104166666664
2022-07-02,40814.604166666664
2022-07-03,38019.916666666664
2022-07-04,45445.416666666664
2022-07-05,46803.5
2022-07-06,46697.020833333336
2022-07-07,47175.479166666664
2022-07-08,46892.75
2022-07-09,42365.729166666664
2022-07-10,39903.083333333336
2022-07-11,46834.041666666664
2022-07-12,48612.104166666664
2022-07-13,48812.25
2022-07-14,43326.625
2022-07-15,44956.833333333336
2022-07-16,42346.729166666664
2022-07-17,40759.6875
2022-07-18,48365.208333333336
2022-07-19,49675.854166666664
2022-07-20,48662.229166666664
2022-07-21,48222.75
2022-07-22,47628.979166666664
2022-07-23,42372.458333333336
2022-07-24,40620.854166666664
2022-07-25,46181.5625
2022-07-26,46276.291666666664
2022-07-27,45883.666666666664
2022-07-28,45968.229166666664
2022-07-29,44889.25
2022-07-30,40675.875
2022-07-31,38845.5
2022-08-01,43702.104166666664
2022-08-02,44874.854166666664
2022-08-03,45639.666666666664
2022-08-04,45335.958333333336
2022-08-05,43848.75
2022-08-06,39925.520833333336
2022-08-07,37848.416666666664
2022-08-08,41977.270833333336
2022-08-09,42949.458333333336
2022-08-10,43340.375
2022-08-11,43725.520833333336
2022-08-12,43805.604166666664
2022-08-13,40297.479166666664
2022-08-14,37203.854166666664
2022-08-15,37614.895833333336
2022-08-16,41737.375
2022-08-17,41561.833333333336
2022-08-18,41477.625
2022-08-19,41474.395833333336
2022-08-20,38780.916666666664
2022-08-21,37108.0
2022-08-22,42711.625
2022-08-23,44571.729166666664
2022-08-24,45367.020833333336
2022-08-25,45514.729166666664
2022-08-26,44803.729166666664
2022-08-27,40181.604166666664
2022-08-28,38130.020833333336
2022-08-29,44588.041666666664
2022-08-30,46014.041666666664
2022-08-31,45861.395833333336
2022-09-01,45989.041666666664
2022-09-02,45028.416666666664
2022-09-03,40162.104166666664
2022-09-04,38667.041666666664
2022-09-05,45079.083333333336
2022-09-06,45747.1875
2022-09-07,45397.6875
2022-09-08,44765.770833333336
2022-09-09,44351.104166666664
2022-09-10,39772.916666666664
2022-09-11,37934.895833333336
2022-09-12,44323.104166666664
2022-09-13,45845.666666666664
2022-09-14,45687.458333333336
2022-09-15,45136.708333333336
2022-09-16,44296.729166666664
2022-09-17,39446.104166666664
2022-09-18,37768.583333333336
2022-09-19,43698.583333333336
2022-09-20,45001.833333333336
2022-09-21,44987.916666666664
2022-09-22,45179.333333333336
2022-09-23,44798.145833333336
2022-09-24,40166.875
2022-09-25,38336.145833333336
2022-09-26,45243.625
2022-09-27,46856.25
2022-09-28,46867.333333333336
2022-09-29,46582.5
2022-09-30,46756.395833333336
2022-10-01,42297.458333333336
2022-10-02,39261.791666666664
2022-10-03,45056.083333333336
2022-10-04,46115.791666666664
2022-10-05,45818.833333333336
2022-10-06,45491.270833333336
2022-10-07,45260.666666666664
2022-10-08,40712.541666666664
2022-10-09,39313.708333333336
2022-10-10,44848.145833333336
2022-10-11,45730.6875
2022-10-12,46272.333333333336
2022-10-13,46429.1875
2022-10-14,45754.020833333336
2022-10-15,40688.333333333336
2022-10-16,38742.895833333336
2022-10-17,43926.979166666664
2022-10-18,44443.041666666664
2022-10-19,44614.5625
2022-10-20,44621.916666666664
2022-10-21,44241.479166666664
2022-10-22,39819.895833333336
2022-10-23,37883.791666666664
2022-10-24,43924.125
2022-10-25,44747.9375
2022-10-26,44530.3125
2022-10-27,44330.770833333336
2022-10-28,43792.041666666664
2022-10-29,39049.479166666664
2022-10-30,37396.833333333336
2022-10-31,40746.104166666664
2022-11-01,39466.541666666664
2022-11-02,45149.333333333336
2022-11-03,47337.5625
2022-11-04,48595.270833333336
2022-11-05,45765.333333333336
2022-11-06,44675.083333333336
2022-11-07,49320.666666666664
2022-11-08,49907.666666666664
2022-11-09,49805.958333333336
2022-11-10,50482.895833333336
2022-11-11,45550.0625
2022-11-12,44810.270833333336
2022-11-13,43939.145833333336
2022-11-14,51030.25
2022-11-15,51932.479166666664
2022-11-16,52134.333333333336
2022-11-17,51902.5625
2022-11-18,52820.875
2022-11-19,50186.291666666664
2022-11-20,49409.3125
2022-11-21,57114.270833333336
2022-11-22,58605.0625
2022-11-23,58165.229166666664
2022-11-24,57308.291666666664
2022-11-25,56121.145833333336
2022-11-26,53198.166666666664
2022-11-27,51759.229166666664
2022-11-28,56994.791666666664
2022-11-29,60068.958333333336
2022-11-30,61465.354166666664
2022-12-01,63210.479166666664
2022-12-02,64352.145833333336
2022-12-03,60523.9375
2022-12-04,59224.3125
2022-12-05,66316.95833333333
2022-12-06,67565.58333333333
2022-12-07,67707.52083333333
2022-12-08,69176.64583333333
2022-12-09,68750.75
2022-12-10,65806.85416666667
2022-12-11,67434.85416666667
2022-12-12,75800.29166666667
2022-12-13,75738.66666666667
2022-12-14,71560.35416666667
2022-12-15,71385.0
2022-12-16,71476.0625
2022-12-17,70413.6875
2022-12-18,67838.16666666667
2022-12-19,63873.208333333336
2022-12-20,59459.479166666664
2022-12-21,56898.4375
2022-12-22,55257.395833333336
2022-12-23,51199.416666666664
2022-12-24,46830.708333333336
2022-12-25,44296.458333333336
2022-12-26,49009.25
2022-12-27,53530.25
2022-12-28,53856.0
2022-12-29,52290.770833333336
2022-12-30,52326.729166666664
2022-12-31,46224.208333333336
