time,tmin,tmax
2018-01-01,6.501796407185629,11.188690476190477
2018-01-02,6.229518072289156,12.299397590361446
2018-01-03,8.244848484848486,14.868484848484849
2018-01-04,9.10059880239521,14.82874251497006
2018-01-05,7.344311377245509,13.331547619047617
2018-01-06,6.083431952662721,10.565294117647058
2018-01-07,6.811309523809523,10.40529411764706
2018-01-08,5.614457831325301,10.159171597633136
2018-01-09,4.369325153374233,10.296951219512195
2018-01-10,5.407926829268293,10.964242424242423
2018-01-11,4.064670658682634,9.41556886227545
2018-01-12,3.172289156626506,8.691071428571428
2018-01-13,1.7433734939759036,8.28562874251497
2018-01-14,2.701204819277108,8.832934131736526
2018-01-15,3.3813253012048192,10.563855421686746
2018-01-16,7.1271604938271595,12.038036809815951
2018-01-17,5.045731707317073,10.27716049382716
2018-01-18,5.132926829268293,11.42848484848485
2018-01-19,5.031927710843373,10.466467065868263
2018-01-20,4.536363636363636,11.312727272727273
2018-01-21,7.7481481481481485,12.232515337423314
2018-01-22,8.389506172839505,13.42037037037037
2018-01-23,6.9562130177514785,12.871005917159762
2018-01-24,7.041420118343195,13.65357142857143
2018-01-25,6.985714285714285,11.815976331360947
2018-01-26,4.823529411764706,10.099411764705883
2018-01-27,3.1650887573964495,8.84792899408284
2018-01-28,4.262573099415205,10.879999999999999
2018-01-29,6.158579881656804,10.801785714285714
2018-01-30,6.1535714285714285,10.754437869822485
2018-01-31,5.060355029585799,10.557058823529411
2018-02-01,3.103550295857988,8.392899408284023
2018-02-02,1.6142011834319527,7.241071428571429
2018-02-03,2.0278106508875737,7.023076923076924
2018-02-04,0.9672619047619048,7.001183431952663
2018-02-05,0.8538461538461537,4.972941176470588
2018-02-06,0.67,5.138011695906433
2018-02-07,-0.1136904761904762,3.8600000000000003
2018-02-08,-1.555621301775148,5.077058823529412
2018-02-09,-1.2591715976331361,5.70421686746988
2018-02-10,-0.3982248520710059,7.242011834319527
2018-02-11,1.8220238095238097,9.339644970414202
2018-02-12,0.08452380952380951,7.738823529411764
2018-02-13,-1.1093567251461989,6.533333333333333
2018-02-14,0.13588235294117648,8.144705882352941
2018-02-15,4.628823529411765,12.252352941176472
2018-02-16,4.719526627218935,12.08224852071006
2018-02-17,4.464497041420119,10.569411764705881
2018-02-18,2.416470588235294,9.127058823529412
2018-02-19,2.8358823529411765,8.720588235294118
2018-02-20,4.49171974522293,9.16518987341772
2018-02-21,1.2047619047619047,6.941071428571428
2018-02-22,-0.43964497041420114,5.823076923076923
2018-02-23,-1.0869822485207101,5.370414201183432
2018-02-24,-1.2363095238095236,6.747928994082841
2018-02-25,-1.0875739644970415,6.2214285714285715
2018-02-26,-3.8714285714285714,2.1218934911242604
2018-02-27,-6.33855421686747,0.3149700598802395
2018-02-28,-7.050595238095238,1.6517857142857142
2018-03-01,-0.8291666666666667,7.108928571428571
2018-03-02,2.783132530120482,9.661077844311377
2018-03-03,2.961176470588235,12.116666666666665
2018-03-04,3.9183431952662726,11.575739644970414
2018-03-05,4.151764705882353,12.45705882352941
2018-03-06,4.611834319526627,11.85357142857143
2018-03-07,4.033727810650888,11.049112426035503
2018-03-08,3.160355029585799,13.201775147928993
2018-03-09,6.352352941176471,14.68
2018-03-10,9.83,16.415294117647058
2018-03-11,9.054705882352941,16.204117647058823
2018-03-12,8.02662721893491,13.174556213017752
2018-03-13,5.50059880239521,12.587499999999999
2018-03-14,3.619526627218935,14.859281437125748
2018-03-15,7.097005988023953,13.27005988023952
2018-03-16,5.5113095238095235,13.637278106508875
2018-03-17,2.6439759036144577,10.419161676646707
2018-03-18,1.9892215568862275,7.064670658682634
2018-03-19,0.7101796407185629,6.970481927710843
2018-03-20,0.7886227544910179,7.617964071856288
2018-03-21,0.7544910179640718,8.449700598802394
2018-03-22,-0.3246987951807229,9.039880952380953
2018-03-23,3.2119760479041917,10.45357142857143
2018-03-24,3.7279761904761903,12.414201183431953
2018-03-25,4.928402366863905,13.382248520710059
2018-03-26,5.247305389221556,12.682142857142857
2018-03-27,5.484431137724551,12.711976047904193
2018-03-28,7.316568047337278,14.021764705882353
2018-03-29,5.042857142857143,13.108333333333333
2018-03-30,4.683431952662722,12.476923076923077
2018-03-31,3.7272189349112423,11.84733727810651
2018-04-01,4.511377245508982,12.722619047619048
2018-04-02,5.991124260355029,15.409580838323354
2018-04-03,9.46923076923077,16.36390532544379
2018-04-04,9.06235294117647,15.59235294117647
2018-04-05,6.809523809523809,14.52544378698225
2018-04-06,5.023809523809524,19.308875739644968
2018-04-07,9.316568047337277,18.940236686390534
2018-04-08,9.646107784431138,17.40833333333333
2018-04-09,9.775595238095239,15.459763313609466
2018-04-10,7.854166666666667,14.750887573964498
2018-04-11,6.830208333333334,15.554545454545455
2018-04-12,7.606586826347305,14.649404761904762
2018-04-13,7.035329341317365,16.318562874251494
2018-04-14,8.3437125748503,16.716766467065867
2018-04-15,8.230120481927711,18.422155688622755
2018-04-16,8.735542168674698,17.510778443113775
2018-04-17,7.02289156626506,21.74251497005988
2018-04-18,9.192857142857143,25.01497005988024
2018-04-19,10.836904761904762,25.120238095238093
2018-04-20,10.815976331360947,25.437869822485208
2018-04-21,11.435928143712575,26.018452380952382
2018-04-22,11.752095808383233,24.050595238095237
2018-04-23,11.329166666666666,19.816568047337277
2018-04-24,9.750898203592815,21.46785714285714
2018-04-25,10.425,19.04311377245509
2018-04-26,8.443373493975903,17.325301204819276
2018-04-27,6.451190476190476,19.31904761904762
2018-04-28,9.392215568862275,16.88154761904762
2018-04-29,8.87202380952381,15.980838323353295
2018-04-30,7.083233532934132,13.674404761904762
2018-05-01,5.939880952380952,13.966666666666667
2018-05-02,5.482634730538923,16.05
2018-05-03,8.267857142857142,16.291071428571428
2018-05-04,8.54431137724551,18.708982035928145
2018-05-05,10.239520958083832,21.78562874251497
2018-05-06,11.360240963855421,24.51878787878788
2018-05-07,12.255757575757576,24.918181818181818
2018-05-08,11.932142857142857,22.879761904761907
2018-05-09,11.606586826347305,19.92951807228916
2018-05-10,10.344910179640719,17.68452380952381
2018-05-11,7.171597633136095,21.379166666666666
2018-05-12,9.542857142857143,18.800595238095237
2018-05-13,7.587878787878788,14.792121212121211
2018-05-14,8.037575757575757,14.171515151515152
2018-05-15,10.216666666666667,17.774404761904762
2018-05-16,10.581547619047619,19.57916666666667
2018-05-17,10.622485207100592,19.19294117647059
2018-05-18,9.216071428571428,20.54311377245509
2018-05-19,9.399408284023668,20.994082840236686
2018-05-20,9.414880952380953,22.194642857142856
2018-05-21,11.3,23.072189349112424
2018-05-22,12.035928143712574,22.35748502994012
2018-05-23,12.409036144578314,21.95602409638554
2018-05-24,12.60359281437126,23.46047904191617
2018-05-25,13.177245508982036,23.84071856287425
2018-05-26,14.682634730538922,25.726190476190474
2018-05-27,15.639156626506024,24.981325301204816
2018-05-28,15.472560975609756,22.896951219512193
2018-05-29,15.102395209580838,22.636526946107786
2018-05-30,14.94909090909091,23.057831325301205
2018-05-31,15.024698795180722,22.37305389221557
2018-06-01,14.17590361445783,22.468674698795184
2018-06-02,13.516071428571427,24.080473372781064
2018-06-03,14.70595238095238,24.594642857142855
2018-06-04,15.505298013245035,23.20394736842105
2018-06-05,15.250909090909092,22.059638554216868
2018-06-06,15.047878787878789,21.873493975903614
2018-06-07,15.034131736526945,23.03614457831325
2018-06-08,14.530357142857142,24.75357142857143
2018-06-09,15.934911242603551,25.151785714285715
2018-06-10,15.935502958579882,24.55266272189349
2018-06-11,16.169642857142858,22.24702380952381
2018-06-12,14.777245508982038,21.593452380952378
2018-06-13,13.646107784431138,20.39166666666667
2018-06-14,12.0875,21.605325443786985
2018-06-15,14.157738095238095,22.610650887573964
2018-06-16,13.876785714285715,23.004166666666666
2018-06-17,14.403550295857988,21.90532544378698
2018-06-18,14.774556213017751,23.12662721893491
2018-06-19,15.100000000000001,25.840828402366867
2018-06-20,15.639644970414201,28.518452380952382
2018-06-21,15.684242424242425,25.69578313253012
2018-06-22,12.775595238095239,23.333928571428572
2018-06-23,11.386982248520711,24.05207100591716
2018-06-24,13.03095238095238,24.604142011834323
2018-06-25,13.28682634730539,25.788622754491016
2018-06-26,14.405421686746989,27.542424242424243
2018-06-27,15.123353293413173,28.001190476190477
2018-06-28,16.033939393939395,27.05757575757576
2018-06-29,16.13053892215569,27.850898203592816
2018-06-30,16.749704142011833,30.275147928994084
2018-07-01,18.10595238095238,30.500598802395213
2018-07-02,17.75621301775148,28.200000000000003
2018-07-03,17.99041916167665,28.015060240963855
2018-07-04,17.088690476190475,28.333928571428572
2018-07-05,16.897604790419162,24.84491017964072
2018-07-06,16.679761904761904,26.28083832335329
2018-07-07,16.167065868263474,28.80787878787879
2018-07-08,17.142201834862384,29.231192660550455
2018-07-09,17.05648148148148,28.31574074074074
2018-07-10,16.560479041916167,26.498214285714283
2018-07-11,15.023668639053254,25.148520710059174
2018-07-12,14.130357142857143,26.325000000000003
2018-07-13,15.416766467065868,28.386309523809523
2018-07-14,16.765269461077846,29.388095238095236
2018-07-15,16.8569696969697,29.728313253012047
2018-07-16,16.157055214723925,27.400000000000002
2018-07-17,16.733742331288344,26.774846625766873
2018-07-18,15.38048780487805,28.30609756097561
2018-07-19,16.400000000000002,29.341212121212124
2018-07-20,17.065868263473053,26.349101796407187
2018-07-21,16.263841807909603,24.873033707865165
2018-07-22,15.5536312849162,26.65195530726257
2018-07-23,16.225988700564972,29.14325842696629
2018-07-24,17.0314606741573,29.8135593220339
2018-07-25,17.933898305084746,30.69265536723164
2018-07-26,18.142696629213482,32.20734463276836
2018-07-27,18.648863636363636,30.906818181818185
2018-07-28,18.43954802259887,26.207865168539325
2018-07-29,16.829213483146066,28.097752808988762
2018-07-30,18.33932584269663,29.285393258426968
2018-07-31,18.357062146892655,29.16949152542373
2018-08-01,18.200568181818184,29.552272727272726
2018-08-02,17.823163841807908,31.580790960451978
2018-08-03,19.06759776536313,33.20112359550562
2018-08-04,20.140782122905026,32.546927374301674
2018-08-05,19.45586592178771,31.986516853932585
2018-08-06,18.484831460674158,32.90790960451977
2018-08-07,19.20457142857143,31.45402298850575
2018-08-08,18.653142857142857,27.688068181818185
2018-08-09,16.55287356321839,23.805172413793105
2018-08-10,13.845251396648045,24.760893854748602
2018-08-11,13.935195530726258,26.38666666666667
2018-08-12,14.694915254237289,28.914689265536722
2018-08-13,17.64685714285714,24.556818181818183
2018-08-14,16.555113636363636,24.908522727272725
2018-08-15,15.324157303370786,26.4438202247191
2018-08-16,15.048876404494381,28.248314606741573
2018-08-17,16.111428571428572,24.814204545454547
2018-08-18,14.516292134831462,25.623595505617978
2018-08-19,14.931460674157304,27.90056179775281
2018-08-20,16.96271186440678,27.625988700564974
2018-08-21,17.36629213483146,28.654802259887003
2018-08-22,17.316201117318435,29.656424581005588
2018-08-23,17.45921787709497,27.833707865168538
2018-08-24,15.944943820224719,23.31899441340782
2018-08-25,13.23876404494382,20.606145251396647
2018-08-26,10.440782122905029,23.317318435754192
2018-08-27,13.967415730337077,24.885474860335197
2018-08-28,13.61731843575419,28.10167597765363
2018-08-29,16.228491620111733,24.900558659217875
2018-08-30,14.223463687150838,22.535754189944136
2018-08-31,14.018539325842697,23.002808988764045
2018-09-01,12.285393258426968,24.089265536723165
2018-09-02,11.345810055865922,24.69441340782123
2018-09-03,12.579775280898875,24.7123595505618
2018-09-04,14.13876404494382,24.893220338983053
2018-09-05,15.0,25.278531073446327
2018-09-06,15.755681818181818,22.631638418079095
2018-09-07,13.906857142857142,22.89142857142857
2018-09-08,11.290960451977401,25.21534090909091
2018-09-09,12.579661016949151,26.67457627118644
2018-09-10,14.226553672316383,26.48258426966292
2018-09-11,13.817514124293785,28.234078212290502
2018-09-12,14.671176470588234,27.368823529411763
2018-09-13,15.72215909090909,23.56797752808989
2018-09-14,14.003370786516854,23.263128491620115
2018-09-15,11.653383458646617,23.96451612903226
2018-09-16,11.38939393939394,25.843939393939394
2018-09-17,12.984426229508196,28.23032786885246
2018-09-18,16.495419847328247,26.474999999999998
2018-09-19,15.81875,26.93125
2018-09-20,15.286466165413533,27.431578947368422
2018-09-21,14.05220588235294,23.594927536231882
2018-09-22,12.03695652173913,22.456521739130434
2018-09-23,13.85187969924812,24.427737226277372
2018-09-24,10.734328358208955,19.854744525547446
2018-09-25,8.232116788321168,19.90144927536232
2018-09-26,7.759124087591241,22.869565217391305
2018-09-27,9.398830409356725,25.59171597633136
2018-09-28,10.76842105263158,24.016374269005848
2018-09-29,10.79774011299435,21.146927374301676
2018-09-30,8.184916201117318,20.784269662921346
2018-10-01,9.918750000000001,16.936516853932584
2018-10-02,7.419883040935672,17.232941176470586
2018-10-03,11.271764705882353,20.32588235294118
2018-10-04,9.765921787709496,22.478651685393256
2018-10-05,9.508426966292134,24.770224719101126
2018-10-06,11.417877094972066,22.17191011235955
2018-10-07,11.367415730337079,17.115642458100556
2018-10-08,9.879888268156424,18.724022346368713
2018-10-09,9.745762711864407,22.40225988700565
2018-10-10,12.28154761904762,21.97083333333333
2018-10-11,14.245505617977527,22.641242937853107
2018-10-12,14.41123595505618,24.176836158192092
2018-10-13,14.676966292134832,24.65449438202247
2018-10-14,14.154748603351955,22.94943820224719
2018-10-15,13.39322033898305,20.947752808988763
2018-10-16,11.848044692737432,21.13798882681564
2018-10-17,10.61564245810056,20.582122905027934
2018-10-18,12.162921348314606,20.94860335195531
2018-10-19,10.681564245810057,20.5061797752809
2018-10-20,9.702247191011235,19.881564245810058
2018-10-21,7.859217877094972,19.715730337078654
2018-10-22,8.407262569832403,17.492737430167598
2018-10-23,6.42962962962963,17.75401459854015
2018-10-24,8.147486033519554,18.696067415730337
2018-10-25,8.821348314606741,17.74494382022472
2018-10-26,7.873595505617978,15.38426966292135
2018-10-27,5.5363128491620115,11.73072625698324
2018-10-28,4.785955056179775,9.437988826815642
2018-10-29,4.041011235955056,8.178651685393259
2018-10-30,3.28361581920904,11.605649717514122
2018-10-31,5.531073446327683,13.272159090909092
2018-11-01,8.0375,14.053409090909092
2018-11-02,5.761714285714286,13.60225988700565
2018-11-03,4.547727272727273,13.359322033898305
2018-11-04,5.593181818181818,14.842857142857143
2018-11-05,9.017613636363636,17.25284090909091
2018-11-06,9.220338983050848,15.7864406779661
2018-11-07,8.256741573033707,14.420224719101125
2018-11-08,6.744134078212291,14.23072625698324
2018-11-09,8.203954802259886,15.319774011299435
2018-11-10,10.25505617977528,15.319662921348316
2018-11-11,10.70225988700565,16.675842696629214
2018-11-12,11.457865168539326,16.507344632768362
2018-11-13,9.039772727272727,16.084745762711865
2018-11-14,7.261016949152543,15.84406779661017
2018-11-15,8.31412429378531,15.343258426966292
2018-11-16,7.188823529411764,13.414619883040936
2018-11-17,4.805084745762712,11.092134831460674
2018-11-18,3.1342696629213482,10.47094972067039
2018-11-19,1.2875706214689266,7.614689265536723
2018-11-20,1.4028248587570622,6.717977528089888
2018-11-21,1.56271186440678,9.019101123595506
2018-11-22,2.7731843575418993,10.841011235955056
2018-11-23,4.780446927374302,10.67486033519553
2018-11-24,4.843502824858756,12.221348314606741
2018-11-25,4.383146067415731,9.92134831460674
2018-11-26,4.649438202247191,9.095480225988702
2018-11-27,4.089385474860335,10.24494382022472
2018-11-28,5.824022346368715,12.527932960893855
2018-11-29,6.9463687150838,14.147752808988765
2018-11-30,6.619318181818182,11.87683615819209
2018-12-01,5.875706214689266,12.16022727272727
2018-12-02,9.227272727272727,13.58125
2018-12-03,10.746327683615819,15.144382022471909
2018-12-04,7.8403409090909095,14.229378531073445
2018-12-05,6.610055865921788,13.88426966292135
2018-12-06,9.474860335195531,14.125842696629213
2018-12-07,7.435393258426966,13.437988826815642
2018-12-08,6.97191011235955,12.35056179775281
2018-12-09,8.177401129943503,12.608988764044945
2018-12-10,5.302824858757062,11.12247191011236
2018-12-11,2.2033333333333336,9.44111111111111
2018-12-12,0.9631284916201117,7.2011111111111115
2018-12-13,1.0855555555555556,5.4238888888888885
2018-12-14,0.08994413407821227,5.154748603351956
2018-12-15,0.14499999999999996,7.129608938547486
2018-12-16,4.008333333333334,8.883888888888889
2018-12-17,4.295,10.735555555555557
2018-12-18,3.3379888268156424,10.288764044943822
2018-12-19,5.861111111111111,11.162777777777778
2018-12-20,5.501117318435754,11.18826815642458
2018-12-21,7.387150837988827,13.05586592178771
2018-12-22,9.418435754189945,13.930167597765363
2018-12-23,9.007821229050279,14.177777777777777
2018-12-24,6.730167597765363,13.539444444444444
2018-12-25,2.511173184357542,9.575
2018-12-26,0.2388888888888889,7.69608938547486
2018-12-27,0.2849162011173184,7.468715083798883
2018-12-28,1.5783333333333334,7.608333333333333
2018-12-29,2.4294444444444445,7.939664804469274
2018-12-30,3.8038888888888893,8.73072625698324
2018-12-31,4.620111731843576,9.463128491620113
2019-01-01,4.904444444444445,8.898333333333333
2019-01-02,2.849438202247191,8.693854748603352
2019-01-03,0.23687150837988827,6.864245810055866
2019-01-04,-0.35027932960893854,6.295530726256984
2019-01-05,0.5206703910614525,6.700561797752809
2019-01-06,2.321787709497207,6.573033707865169
2019-01-07,3.412849162011173,7.739887640449439
2019-01-08,3.9608938547486034,9.224581005586593
2019-01-09,2.7711864406779663,7.434078212290503
2019-01-10,0.7177777777777777,5.738333333333334
2019-01-11,0.3277777777777778,6.635754189944134
2019-01-12,3.197777777777778,8.704469273743015
2019-01-13,6.483798882681564,10.963128491620113
2019-01-14,6.381564245810056,10.963333333333335
2019-01-15,3.02,9.892737430167598
2019-01-16,0.8388888888888889,10.134636871508379
2019-01-17,2.7681564245810057,9.442222222222222
2019-01-18,0.23966480446927374,6.785555555555556
2019-01-19,-0.08333333333333333,7.327932960893855
2019-01-20,1.7379888268156425,7.03
2019-01-21,-0.555813953488372,5.920930232558139
2019-01-22,-0.8855555555555555,5.67709497206704
2019-01-23,1.011111111111111,5.188268156424582
2019-01-24,-0.03099415204678363,5.057309941520468
2019-01-25,1.069767441860465,7.440350877192982
2019-01-26,3.9497206703910615,9.915642458100558
2019-01-27,3.7446927374301673,9.571111111111112
2019-01-28,2.3318435754189943,7.4279329608938545
2019-01-29,0.8066666666666666,6.9972067039106145
2019-01-30,1.3494444444444444,6.316666666666666
2019-01-31,1.0077777777777779,7.689944134078212
2019-02-01,3.97,9.04888888888889
2019-02-02,3.0194444444444444,6.9502793296089385
2019-02-03,1.1072625698324021,6.831666666666667
2019-02-04,-0.08435754189944135,7.231284916201118
2019-02-05,2.088268156424581,9.656983240223463
2019-02-06,3.221111111111111,11.684357541899441
2019-02-07,3.7675977653631283,11.068715083798882
2019-02-08,4.595555555555555,11.674860335195532
2019-02-09,5.826666666666666,12.693333333333335
2019-02-10,5.576666666666666,11.780662983425415
2019-02-11,3.5805555555555557,9.881666666666668
2019-02-12,1.1201117318435754,10.677222222222223
2019-02-13,0.1005586592178771,11.708938547486033
2019-02-14,0.698314606741573,14.314044943820225
2019-02-15,1.7122905027932962,15.911731843575417
2019-02-16,1.6731843575418994,16.25418994413408
2019-02-17,3.3033149171270715,16.330555555555556
2019-02-18,3.4611111111111112,14.216111111111111
2019-02-19,3.3365168539325842,12.525280898876405
2019-02-20,1.9497237569060772,14.215
2019-02-21,2.5099447513812154,15.641436464088397
2019-02-22,3.1298342541436464,17.36777777777778
2019-02-23,4.538674033149171,16.429834254143646
2019-02-24,2.8464088397790057,15.696132596685082
2019-02-25,2.5605555555555557,17.138121546961326
2019-02-26,3.218888888888889,19.154696132596683
2019-02-27,3.5917127071823205,20.253591160220996
2019-02-28,5.226519337016574,15.834254143646408
2019-03-01,7.641666666666667,13.172375690607733
2019-03-02,6.866666666666666,13.847513812154697
2019-03-03,6.806629834254144,16.337016574585636
2019-03-04,6.525698324022346,14.190555555555557
2019-03-05,5.797765363128492,14.185955056179775
2019-03-06,7.001675977653631,14.692696629213485
2019-03-07,7.256741573033708,13.66536312849162
2019-03-08,5.109444444444445,13.206666666666665
2019-03-09,7.5882022471910116,14.437078651685395
2019-03-10,7.8747191011235955,14.94550561797753
2019-03-11,4.464804469273743,12.123333333333333
2019-03-12,2.1555555555555554,13.992222222222221
2019-03-13,5.4371212121212125,12.063909774436091
2019-03-14,6.505172413793104,11.78735632183908
2019-03-15,9.2,14.014525139664803
2019-03-16,7.896531791907514,16.48208092485549
2019-03-17,4.893854748603352,13.293333333333335
2019-03-18,4.325555555555556,11.576243093922653
2019-03-19,3.2834254143646406,12.171666666666667
2019-03-20,2.3281767955801103,13.991712707182321
2019-03-21,3.1888268156424577,15.492777777777777
2019-03-22,3.0243093922651934,18.39171270718232
2019-03-23,4.03756906077348,18.370718232044197
2019-03-24,4.7381215469613265,16.855248618784533
2019-03-25,4.738674033149172,13.907182320441988
2019-03-26,3.4555555555555557,13.456906077348066
2019-03-27,2.885082872928177,14.625555555555556
2019-03-28,3.5303867403314917,15.383333333333333
2019-03-29,3.7464088397790056,17.716574585635357
2019-03-30,4.824309392265194,18.591160220994475
2019-03-31,4.441666666666666,18.80777777777778
2019-04-01,6.095505617977528,18.79050279329609
2019-04-02,6.632402234636872,15.789944134078214
2019-04-03,4.466292134831461,10.825698324022346
2019-04-04,2.465921787709497,11.467597765363127
2019-04-05,3.058888888888889,13.898882681564245
2019-04-06,5.121666666666666,13.61111111111111
2019-04-07,5.495,14.155000000000001
2019-04-08,5.2795580110497236,15.360000000000001
2019-04-09,5.830555555555556,15.739999999999998
2019-04-10,6.4122905027932955,14.588333333333335
2019-04-11,6.385635359116022,14.285635359116021
2019-04-12,3.9134078212290504,14.177094972067039
2019-04-13,2.8,13.326666666666668
2019-04-14,2.412849162011173,12.372777777777777
2019-04-15,2.9211111111111108,16.63111111111111
2019-04-16,8.22905027932961,15.315555555555557
2019-04-17,6.6883333333333335,18.75414364640884
2019-04-18,9.08882681564246,20.833146067415733
2019-04-19,9.67292817679558,22.571270718232046
2019-04-20,9.097765363128492,22.674301675977652
2019-04-21,10.108333333333333,20.806666666666665
2019-04-22,9.809944751381215,22.18950276243094
2019-04-23,11.78111111111111,19.135195530726257
2019-04-24,10.166272189349112,17.549411764705884
2019-04-25,8.916201117318435,16.416292134831462
2019-04-26,7.091620111731844,16.004469273743016
2019-04-27,8.16629213483146,14.92752808988764
2019-04-28,7.359322033898304,13.575141242937853
2019-04-29,5.980898876404494,16.189830508474575
2019-04-30,6.020555555555556,17.806703910614527
2019-05-01,6.785555555555556,18.94388888888889
2019-05-02,8.712921348314607,16.362569832402237
2019-05-03,8.213559322033898,15.608426966292136
2019-05-04,5.794943820224719,13.72905027932961
2019-05-05,3.667039106145251,12.439664804469272
2019-05-06,2.9346368715083795,14.92122905027933
2019-05-07,4.214606741573034,17.562921348314607
2019-05-08,10.021022727272728,15.994285714285715
2019-05-09,9.335955056179776,16.620670391061452
2019-05-10,9.062011173184358,18.53687150837989
2019-05-11,10.097142857142858,17.567045454545454
2019-05-12,7.38361581920904,17.034831460674155
2019-05-13,7.035393258426966,18.52078651685393
2019-05-14,7.548587570621469,19.56271186440678
2019-05-15,7.227683615819209,18.45593220338983
2019-05-16,6.189944134078212,18.79217877094972
2019-05-17,9.297206703910614,16.653370786516856
2019-05-18,9.970056497175142,16.87303370786517
2019-05-19,10.309497206703911,16.25754189944134
2019-05-20,10.853370786516855,17.58659217877095
2019-05-21,10.0045197740113,19.824858757062145
2019-05-22,9.150279329608939,21.571508379888268
2019-05-23,9.348022598870056,22.542134831460675
2019-05-24,11.415083798882682,21.036312849162012
2019-05-25,12.135428571428571,20.74772727272727
2019-05-26,11.783888888888889,20.17388888888889
2019-05-27,13.038983050847458,19.684745762711863
2019-05-28,11.228977272727272,17.726136363636364
2019-05-29,9.267415730337078,18.950837988826816
2019-05-30,11.312849162011172,21.15611111111111
2019-05-31,10.870949720670392,24.43016759776536
2019-06-01,11.932596685082874,27.40222222222222
2019-06-02,13.959217877094972,27.829444444444444
2019-06-03,14.21111111111111,24.108771929824563
2019-06-04,13.45414364640884,25.500552486187846
2019-06-05,12.058100558659218,21.107777777777777
2019-06-06,10.285955056179775,20.534444444444443
2019-06-07,11.802222222222223,20.208333333333332
2019-06-08,10.869273743016759,21.09
2019-06-09,11.643016759776536,21.28268156424581
2019-06-10,12.563128491620112,19.400558659217875
2019-06-11,10.336723163841807,17.005027932960893
2019-06-12,10.760818713450291,19.078362573099415
2019-06-13,9.891907514450867,22.089017341040464
2019-06-14,12.776966292134832,22.578651685393258
2019-06-15,13.77486033519553,21.14
2019-06-16,12.366298342541437,23.065193370165748
2019-06-17,12.151955307262568,26.264044943820224
2019-06-18,14.722346368715085,28.01675977653631
2019-06-19,15.735754189944133,25.408379888268158
2019-06-20,14.498314606741571,22.812849162011172
2019-06-21,13.399444444444445,22.269444444444446
2019-06-22,13.48777777777778,24.5
2019-06-23,14.712637362637361,27.9989010989011
2019-06-24,16.93258426966292,28.383798882681564
2019-06-25,17.730167597765362,29.932960893854748
2019-06-26,18.654748603351955,33.018435754189944
2019-06-27,19.7731843575419,33.80277777777778
2019-06-28,19.221546961325966,32.60662983425414
2019-06-29,18.50391061452514,32.99060773480663
2019-06-30,18.772777777777776,30.114364640883977
2019-07-01,17.881666666666664,26.964088397790054
2019-07-02,15.903846153846153,26.93241758241758
2019-07-03,16.60388888888889,28.009444444444444
2019-07-04,16.24230769230769,29.602197802197804
2019-07-05,16.72692307692308,31.03846153846154
2019-07-06,17.46927374301676,30.123595505617978
2019-07-07,17.45112359550562,28.002247191011232
2019-07-08,16.720111731843577,27.46333333333333
2019-07-09,15.665168539325844,25.792696629213484
2019-07-10,14.974175824175825,27.555494505494508
2019-07-11,16.424444444444443,27.551381215469615
2019-07-12,16.871111111111112,27.428333333333335
2019-07-13,16.287362637362637,26.803825136612023
2019-07-14,15.484699453551912,25.901092896174863
2019-07-15,14.563186813186814,25.050819672131148
2019-07-16,13.226229508196722,27.22142857142857
2019-07-17,14.039226519337015,27.899447513812156
2019-07-18,15.789010989010988,26.25384615384615
2019-07-19,15.871038251366121,27.707650273224044
2019-07-20,17.181868131868132,27.602185792349726
2019-07-21,17.243406593406593,28.369945355191255
2019-07-22,16.940437158469944,31.308196721311475
2019-07-23,18.868333333333336,35.34364640883978
2019-07-24,20.066483516483515,34.81325966850829
2019-07-25,20.80928961748634,35.41967213114754
2019-07-26,19.601630434782606,29.363586956521736
2019-07-27,17.17142857142857,23.80218579234973
2019-07-28,15.568508287292818,23.560439560439562
2019-07-29,13.565,27.33888888888889
2019-07-30,16.21611111111111,25.196666666666665
2019-07-31,14.996648044692739,24.814999999999998
2019-08-01,14.059444444444443,26.043888888888887
2019-08-02,15.685555555555556,27.52430939226519
2019-08-03,15.56353591160221,28.092817679558014
2019-08-04,15.65524861878453,29.376243093922653
2019-08-05,17.421787709497206,27.706111111111113
2019-08-06,17.663888888888888,26.780555555555555
2019-08-07,17.908333333333335,25.95966850828729
2019-08-08,17.078021978021976,29.337912087912088
2019-08-09,19.705555555555556,29.16111111111111
2019-08-10,18.44833333333333,26.391666666666666
2019-08-11,15.776243093922652,24.2
2019-08-12,14.906145251396646,23.11
2019-08-13,13.139890710382513,22.477595628415298
2019-08-14,13.046703296703297,24.713812154696132
2019-08-15,16.150555555555556,23.99889502762431
2019-08-16,13.625698324022347,25.518435754189944
2019-08-17,15.980555555555556,25.223204419889502
2019-08-18,16.788333333333334,25.78563535911602
2019-08-19,15.245555555555555,23.568681318681318
2019-08-20,14.097790055248618,22.46978021978022
2019-08-21,12.21584699453552,25.111538461538462
2019-08-22,13.2489010989011,26.7
2019-08-23,13.92841530054645,28.84754098360656
2019-08-24,15.157692307692306,30.33681318681319
2019-08-25,16.12295081967213,29.876923076923077
2019-08-26,16.259562841530055,30.32912087912088
2019-08-27,17.756284153005463,28.79945355191257
2019-08-28,17.84262295081967,27.568681318681318
2019-08-29,16.374585635359118,27.14945054945055
2019-08-30,15.370588235294118,28.977058823529415
2019-08-31,16.13551912568306,28.830601092896174
2019-09-01,15.84262295081967,24.06502732240437
2019-09-02,13.158469945355192,23.618032786885248
2019-09-03,12.167032967032968,25.28021978021978
2019-09-04,11.98743169398907,25.536065573770493
2019-09-05,12.889617486338798,21.14426229508197
2019-09-06,10.103278688524592,21.266483516483518
2019-09-07,12.007650273224044,21.5672131147541
2019-09-08,11.124725274725275,19.908743169398907
2019-09-09,8.44535519125683,20.0224043715847
2019-09-10,10.936813186813186,20.481420765027323
2019-09-11,11.397252747252749,23.41428571428571
2019-09-12,13.45164835164835,25.412021857923495
2019-09-13,13.785245901639342,26.256521739130434
2019-09-14,14.79071038251366,27.011413043478264
2019-09-15,14.041530054644808,28.071428571428573
2019-09-16,14.211413043478261,27.4896174863388
2019-09-17,14.84175824175824,25.840437158469946
2019-09-18,13.510769230769231,23.284328358208956
2019-09-19,12.375956284153007,22.817934782608695
2019-09-20,11.413586956521739,25.152173913043477
2019-09-21,14.052272727272728,25.75263157894737
2019-09-22,15.130978260869565,22.729347826086954
2019-09-23,13.116483516483516,21.347252747252746
2019-09-24,13.64022346368715,20.874301675977655
2019-09-25,14.660989010989011,20.17900552486188
2019-09-26,15.388333333333334,21.777900552486187
2019-09-27,13.944262295081968,21.89016393442623
2019-09-28,14.027173913043478,21.320108695652173
2019-09-29,12.312568306010927,23.147802197802196
2019-09-30,13.71967213114754,21.87103825136612
2019-10-01,13.48688524590164,22.01912568306011
2019-10-02,11.579577464788732,18.45390070921986
2019-10-03,7.82896174863388,17.92896174863388
2019-10-04,9.973076923076922,18.324309392265192
2019-10-05,12.724725274725275,18.892857142857142
2019-10-06,12.44364640883978,18.484065934065935
2019-10-07,10.72111111111111,17.715555555555557
2019-10-08,11.047513812154696,20.280555555555555
2019-10-09,11.612849162011171,17.88277777777778
2019-10-10,11.058469945355192,19.054347826086957
2019-10-11,10.18743169398907,21.48186813186813
2019-10-12,13.017934782608696,21.48858695652174
2019-10-13,15.052197802197803,23.30054644808743
2019-10-14,14.00382513661202,22.577049180327872
2019-10-15,11.752222222222223,18.0
2019-10-16,10.20949720670391,18.365
2019-10-17,11.789944134078214,18.427932960893855
2019-10-18,12.100549450549451,17.673224043715845
2019-10-19,12.508196721311476,18.025683060109287
2019-10-20,12.421195652173912,17.45136612021858
2019-10-21,10.623497267759562,16.108695652173914
2019-10-22,9.407692307692308,15.913661202185791
2019-10-23,11.846408839779004,17.46120218579235
2019-10-24,11.630769230769232,17.70824175824176
2019-10-25,10.820765027322405,18.755737704918033
2019-10-26,10.155056179775281,21.177966101694917
2019-10-27,9.870810810810811,18.43709677419355
2019-10-28,9.951612903225806,15.651612903225805
2019-10-29,10.287978142076502,15.936612021857924
2019-10-30,10.28641304347826,15.549189189189189
2019-10-31,10.844262295081966,15.260989010989011
2019-11-01,11.03425414364641,16.67888888888889
2019-11-02,11.781460674157303,16.560893854748603
2019-11-03,10.635057471264368,14.743428571428572
2019-11-04,9.845251396648045,15.32
2019-11-05,8.473626373626374,13.529508196721311
2019-11-06,8.098876404494382,13.080337078651686
2019-11-07,5.970078740157481,11.707086614173228
2019-11-08,4.636065573770492,10.82391304347826
2019-11-09,4.016756756756757,11.12554347826087
2019-11-10,4.149180327868852,10.37032967032967
2019-11-11,4.5147540983606556,10.855737704918033
2019-11-12,4.625274725274725,11.004371584699454
2019-11-13,3.808196721311475,10.496174863387978
2019-11-14,3.3469945355191255,8.605434782608697
2019-11-15,2.481967213114754,7.952173913043478
2019-11-16,2.948369565217391,8.925
2019-11-17,3.135135135135135,8.621081081081082
2019-11-18,3.179891304347826,8.959016393442623
2019-11-19,2.7744565217391304,9.677717391304348
2019-11-20,1.6275675675675676,9.616304347826087
2019-11-21,3.3868131868131868,11.021311475409837
2019-11-22,5.487222222222223,12.796666666666667
2019-11-23,7.946285714285714,12.627118644067796
2019-11-24,6.114754098360656,11.733516483516484
2019-11-25,6.984444444444445,13.33756906077348
2019-11-26,8.303804347826087,14.498360655737704
2019-11-27,9.648618784530388,13.96888888888889
2019-11-28,9.415846994535519,13.190217391304348
2019-11-29,6.867032967032967,12.775956284153006
2019-11-30,4.391304347826087,10.41304347826087
2019-12-01,5.075135135135135,9.365217391304348
2019-12-02,2.947282608695652,8.852459016393443
2019-12-03,1.2978142076502732,7.8478260869565215
2019-12-04,0.3939560439560439,7.841758241758242
2019-12-05,1.0413043478260868,8.107065217391305
2019-12-06,2.4557377049180324,11.163186813186813
2019-12-07,6.679459459459459,12.376756756756755
2019-12-08,7.074456521739131,13.205978260869566
2019-12-09,6.043406593406594,11.308196721311475
2019-12-10,2.0586956521739133,10.03879781420765
2019-12-11,3.340983606557377,8.866847826086957
2019-12-12,3.9108695652173915,9.622826086956522
2019-12-13,6.540331491712707,11.535
2019-12-14,7.842541436464089,13.43756906077348
2019-12-15,7.706010928961748,13.50327868852459
2019-12-16,8.40054347826087,13.081420765027323
2019-12-17,9.40989010989011,14.67513812154696
2019-12-18,7.575409836065574,14.240437158469945
2019-12-19,9.684065934065934,15.008791208791209
2019-12-20,7.997252747252747,13.926923076923076
2019-12-21,7.14535519125683,12.528260869565216
2019-12-22,7.915,11.878453038674033
2019-12-23,7.4605555555555565,11.633333333333333
2019-12-24,7.709729729729729,13.931891891891892
2019-12-25,5.21912568306011,12.494021739130435
2019-12-26,3.9967391304347823,11.844808743169398
2019-12-27,6.830769230769231,11.850819672131147
2019-12-28,3.9371584699453552,10.270108695652175
2019-12-29,1.2291891891891893,8.166847826086956
2019-12-30,0.4418478260869565,9.43879781420765
2019-12-31,0.6086956521739131,8.636612021857923
2020-01-01,2.276086956521739,8.227173913043478
2020-01-02,3.439459459459459,9.833695652173914
2020-01-03,5.083152173913043,11.256216216216217
2020-01-04,3.95027027027027,10.52972972972973
2020-01-05,2.675,9.38162162162162
2020-01-06,0.7934782608695652,10.390710382513662
2020-01-07,4.402162162162162,11.14
2020-01-08,6.825,12.691803278688525
2020-01-09,5.623626373626373,13.38688524590164
2020-01-10,5.240437158469946,11.047282608695653
2020-01-11,2.9795620437956205,10.056521739130435
2020-01-12,2.2169398907103823,10.520218579234973
2020-01-13,3.3775362318840583,10.824626865671641
2020-01-14,5.893478260869566,12.833879781420764
2020-01-15,5.872131147540983,13.278688524590164
2020-01-16,4.5200000000000005,13.831351351351353
2020-01-17,4.638251366120218,11.159782608695652
2020-01-18,2.278688524590164,9.372432432432433
2020-01-19,1.5870270270270272,7.675675675675675
2020-01-20,1.4962162162162163,7.18
2020-01-21,0.9489247311827957,7.964516129032258
2020-01-22,1.3464864864864865,8.223783783783784
2020-01-23,2.4291891891891892,8.101630434782608
2020-01-24,2.0416216216216214,9.392972972972974
2020-01-25,2.4686486486486485,10.437837837837838
2020-01-26,3.6875,10.914754098360657
2020-01-27,5.2254054054054055,10.335326086956522
2020-01-28,5.138586956521739,10.773913043478261
2020-01-29,5.311413043478261,11.361621621621621
2020-01-30,5.130645161290323,12.984239130434782
2020-01-31,9.356756756756758,14.667027027027027
2020-02-01,7.869613259668509,14.242307692307692
2020-02-02,9.215,15.825824175824177
2020-02-03,9.375977653631285,16.739106145251398
2020-02-04,5.871584699453552,13.165591397849463
2020-02-05,3.496216216216216,10.669729729729731
2020-02-06,0.696236559139785,11.017297297297297
2020-02-07,1.4326203208556147,12.358602150537633
2020-02-08,4.4,12.366304347826087
2020-02-09,5.670930232558139,13.857558139534884
2020-02-10,8.405464480874317,14.634782608695653
2020-02-11,6.801621621621622,12.091397849462366
2020-02-12,4.212432432432432,11.33081081081081
2020-02-13,4.092934782608696,12.494021739130435
2020-02-14,6.1530054644808745,13.253551912568307
2020-02-15,4.582795698924731,14.734054054054056
2020-02-16,7.895675675675676,16.27204301075269
2020-02-17,6.948108108108109,12.913978494623656
2020-02-18,4.663043478260869,11.66467391304348
2020-02-19,5.23027027027027,11.503783783783783
2020-02-20,4.227567567567568,13.538709677419353
2020-02-21,3.3383783783783785,12.260326086956523
2020-02-22,3.310215053763441,14.355135135135134
2020-02-23,6.484408602150537,15.454054054054055
2020-02-24,7.073513513513513,15.497837837837837
2020-02-25,5.334054054054054,12.746236559139787
2020-02-26,3.867027027027027,9.566666666666666
2020-02-27,3.323913043478261,11.456521739130435
2020-02-28,2.7535519125683057,12.364285714285716
2020-02-29,5.950273224043716,13.452173913043477
2020-03-01,5.455801104972376,12.22596685082873
2020-03-02,4.775138121546961,10.303314917127071
2020-03-03,3.446448087431694,9.47554347826087
2020-03-04,3.430810810810811,11.151351351351352
2020-03-05,5.426229508196721,12.201092896174865
2020-03-06,4.574456521739131,10.155135135135135
2020-03-07,3.7841530054644807,11.637158469945355
2020-03-08,4.648633879781421,13.093956043956043
2020-03-09,5.549726775956285,11.649726775956285
2020-03-10,6.7668478260869565,13.465760869565216
2020-03-11,9.533727810650888,16.57396449704142
2020-03-12,6.970108695652174,14.535135135135135
2020-03-13,4.9669014084507035,13.108965517241378
2020-03-14,4.696503496503497,13.229166666666666
2020-03-15,4.741847826086956,15.756521739130434
2020-03-16,6.286486486486487,13.863783783783784
2020-03-17,6.7250000000000005,15.97945945945946
2020-03-18,5.747311827956989,18.15837837837838
2020-03-19,6.176881720430108,18.969354838709677
2020-03-20,6.91236559139785,17.19516129032258
2020-03-21,6.445405405405406,14.251075268817203
2020-03-22,5.715217391304347,13.568279569892471
2020-03-23,4.477837837837837,14.14054054054054
2020-03-24,2.8827956989247316,13.464516129032258
2020-03-25,1.2064864864864866,12.5625
2020-03-26,1.6755555555555557,10.986033519553073
2020-03-27,2.3581521739130435,13.640217391304349
2020-03-28,4.0789189189189194,16.031891891891892
2020-03-29,4.67445652173913,11.977297297297298
2020-03-30,2.7505434782608695,9.602162162162163
2020-03-31,2.6778378378378376,12.774054054054053
2020-04-01,2.607608695652174,13.470491803278689
2020-04-02,2.2587912087912088,13.361748633879781
2020-04-03,3.733513513513514,14.53494623655914
2020-04-04,2.9788043478260873,18.01195652173913
2020-04-05,5.516939890710383,20.529508196721313
2020-04-06,7.426630434782608,18.36358695652174
2020-04-07,7.583516483516484,20.449723756906078
2020-04-08,7.830769230769231,21.542857142857144
2020-04-09,7.3999999999999995,22.820108695652173
2020-04-10,8.091803278688525,23.10054347826087
2020-04-11,8.183152173913044,22.780978260869563
2020-04-12,7.871978021978022,21.441436464088397
2020-04-13,7.833695652173914,18.17771739130435
2020-04-14,5.9624999999999995,16.935519125683058
2020-04-15,5.204371584699453,20.329347826086956
2020-04-16,9.030434782608696,21.372826086956522
2020-04-17,8.975135135135135,21.062162162162164
2020-04-18,9.616483516483516,20.337158469945354
2020-04-19,10.022404371584699,17.50989010989011
2020-04-20,10.339673913043478,17.762295081967213
2020-04-21,10.548633879781422,17.708743169398907
2020-04-22,9.80327868852459,19.223497267759562
2020-04-23,9.465573770491803,21.391803278688524
2020-04-24,9.280874316939892,21.542622950819673
2020-04-25,9.104419889502763,20.245303867403315
2020-04-26,8.707650273224044,19.86830601092896
2020-04-27,8.207608695652175,19.85
2020-04-28,8.78743169398907,17.118478260869566
2020-04-29,8.149726775956285,17.333333333333332
2020-04-30,7.877717391304348,16.105978260869566
2020-05-01,8.148888888888889,16.573076923076925
2020-05-02,10.564606741573034,17.682681564245808
2020-05-03,10.77403314917127,20.232967032967032
2020-05-04,10.624175824175824,22.20054945054945
2020-05-05,10.590055248618784,19.76222222222222
2020-05-06,10.712021857923498,21.155434782608694
2020-05-07,9.327322404371586,22.983516483516482
2020-05-08,10.998342541436465,23.374585635359118
2020-05-09,10.608839779005525,22.374175824175822
2020-05-10,11.174301675977654,20.170555555555556
2020-05-11,7.530386740331492,16.024725274725274
2020-05-12,6.937704918032787,15.104371584699454
2020-05-13,7.521195652173914,15.720108695652174
2020-05-14,8.13901098901099,16.343169398907104
2020-05-15,8.680434782608696,17.654098360655738
2020-05-16,8.026923076923078,19.312637362637364
2020-05-17,8.512087912087912,20.37967032967033
2020-05-18,9.012777777777778,22.627222222222223
2020-05-19,10.315384615384616,23.416483516483517
2020-05-20,11.48435754189944,25.965921787709494
2020-05-21,13.474863387978143,26.80928961748634
2020-05-22,14.007692307692308,25.10273224043716
2020-05-23,10.355434782608697,20.838918918918917
2020-05-24,9.318032786885245,20.775956284153004
2020-05-25,10.372,23.239772727272726
2020-05-26,11.81098901098901,24.584615384615383
2020-05-27,12.125136612021858,24.812568306010927
2020-05-28,12.068306010928962,24.815217391304348
2020-05-29,11.821857923497268,24.202185792349727
2020-05-30,11.292857142857144,24.178453038674036
2020-05-31,12.004419889502763,24.335
2020-06-01,12.070165745856352,25.101666666666667
2020-06-02,12.927868852459017,26.310439560439562
2020-06-03,11.137640449438202,24.20223463687151
2020-06-04,10.351123595505618,18.812849162011172
2020-06-05,11.549999999999999,18.314594594594595
2020-06-06,11.214754098360658,19.50054347826087
2020-06-07,9.503243243243242,18.96918918918919
2020-06-08,9.554098360655738,19.394535519125682
2020-06-09,10.031147540983607,18.763934426229508
2020-06-10,9.700000000000001,18.960109289617485
2020-06-11,10.020218579234973,19.836612021857924
2020-06-12,10.498342541436465,20.53038674033149
2020-06-13,10.502234636871508,21.24494382022472
2020-06-14,11.938674033149171,21.880555555555556
2020-06-15,12.227868852459016,21.9655737704918
2020-06-16,11.116201117318436,21.614444444444445
2020-06-17,10.849171270718232,20.76961325966851
2020-06-18,10.382872928176795,20.9989010989011
2020-06-19,11.852197802197802,21.772131147540986
2020-06-20,12.686885245901639,23.575956284153005
2020-06-21,13.195628415300547,23.591758241758242
2020-06-22,14.233152173913044,24.842076502732244
2020-06-23,13.753296703296703,28.635164835164836
2020-06-24,15.94475138121547,30.445
2020-06-25,15.69060773480663,30.05164835164835
2020-06-26,15.22967032967033,26.8327868852459
2020-06-27,15.43551912568306,25.284239130434784
2020-06-28,15.526373626373628,23.99071038251366
2020-06-29,15.445901639344262,23.569565217391304
2020-06-30,14.264864864864865,24.67891891891892
2020-07-01,14.895604395604396,24.87912087912088
2020-07-02,15.7989010989011,23.172677595628418
2020-07-03,13.453591160220993,22.98011049723757
2020-07-04,13.561878453038673,24.232596685082875
2020-07-05,16.430726256983238,25.92888888888889
2020-07-06,14.91123595505618,23.658659217877094
2020-07-07,11.771666666666667,24.67666666666667
2020-07-08,13.117222222222221,26.877777777777776
2020-07-09,15.093956043956043,28.90327868852459
2020-07-10,16.107692307692307,25.471584699453555
2020-07-11,14.141436464088397,24.70662983425414
2020-07-12,12.906593406593407,26.33571428571429
2020-07-13,13.915,26.88839779005525
2020-07-14,14.048633879781422,25.010928961748633
2020-07-15,14.775977653631285,22.356983240223464
2020-07-16,15.496195652173913,22.192349726775955
2020-07-17,15.686187845303866,24.403846153846153
2020-07-18,14.3,27.051977401129943
2020-07-19,14.050828729281767,28.65027624309392
2020-07-20,15.438333333333334,27.957222222222224
2020-07-21,15.506010928961748,27.724175824175827
2020-07-22,14.938202247191011,27.84692737430168
2020-07-23,14.997765363128492,28.163483146067417
2020-07-24,16.706629834254144,26.830939226519334
2020-07-25,15.392896174863388,26.749180327868853
2020-07-26,16.286813186813188,26.517486338797813
2020-07-27,15.297222222222222,30.35
2020-07-28,17.436666666666667,26.61160220994475
2020-07-29,15.040437158469945,27.823497267759564
2020-07-30,15.571666666666667,33.026815642458104
2020-07-31,18.61381215469613,34.13989071038252
2020-08-01,17.34689265536723,29.545251396648048
2020-08-02,16.913483146067414,25.565555555555555
2020-08-03,14.824309392265192,23.749723756906075
2020-08-04,12.706557377049181,24.765573770491805
2020-08-05,12.881420765027324,28.6431693989071
2020-08-06,14.59672131147541,31.749180327868853
2020-08-07,16.68032786885246,33.823626373626375
2020-08-08,17.825136612021858,33.10928961748634
2020-08-09,17.48633879781421,33.261413043478264
2020-08-10,17.80388888888889,31.834254143646408
2020-08-11,18.60220994475138,32.45580110497237
2020-08-12,17.956043956043956,31.16923076923077
2020-08-13,18.751685393258427,27.28932584269663
2020-08-14,17.220441988950277,26.676923076923075
2020-08-15,15.828961748633878,28.44945652173913
2020-08-16,13.799441340782122,26.329050279329607
2020-08-17,14.864285714285716,25.514754098360655
2020-08-18,16.095604395604397,26.873076923076923
2020-08-19,15.994505494505495,28.091208791208793
2020-08-20,18.68360655737705,30.809782608695652
2020-08-21,18.766304347826086,28.897282608695654
2020-08-22,16.798360655737703,26.243715846994537
2020-08-23,16.165745856353592,24.31049723756906
2020-08-24,14.313661202185793,24.45409836065574
2020-08-25,14.298245614035087,27.696610169491525
2020-08-26,16.708426966292134,26.155865921787708
2020-08-27,14.39782608695652,27.086263736263735
2020-08-28,12.577348066298342,22.915300546448087
2020-08-29,12.070108695652175,20.434239130434783
2020-08-30,11.213259668508286,20.118232044198894
2020-08-31,11.93901098901099,21.331693989071038
2020-09-01,11.547540983606556,22.421857923497267
2020-09-02,10.975956284153005,23.37540983606557
2020-09-03,12.866847826086957,25.543715846994534
2020-09-04,13.963186813186814,27.48901098901099
2020-09-05,14.320879120879122,24.31967213114754
2020-09-06,13.007608695652175,21.75027027027027
2020-09-07,11.177717391304347,22.808152173913044
2020-09-08,12.289729729729729,25.587567567567568
2020-09-09,13.770555555555555,25.83204419889503
2020-09-10,15.165405405405405,25.29076086956522
2020-09-11,14.101648351648352,25.935714285714287
2020-09-12,13.31098901098901,26.496685082872926
2020-09-13,13.192307692307692,29.038121546961325
2020-09-14,15.23224043715847,31.49673913043478
2020-09-15,16.916847826086954,29.838797814207652
2020-09-16,15.52032967032967,29.30054945054945
2020-09-17,16.330601092896174,28.182608695652174
2020-09-18,14.795108695652175,27.514673913043477
2020-09-19,13.997826086956522,25.878804347826087
2020-09-20,13.519337016574585,24.504945054945054
2020-09-21,12.729120879120877,24.059116022099445
2020-09-22,12.149726775956285,22.80218579234973
2020-09-23,13.046448087431694,22.988524590163934
2020-09-24,10.659016393442622,19.884153005464483
2020-09-25,8.70655737704918,15.919565217391304
2020-09-26,8.190163934426229,14.572131147540983
2020-09-27,7.830601092896175,14.155737704918034
2020-09-28,9.604395604395604,16.733149171270718
2020-09-29,10.746153846153845,18.785792349726776
2020-09-30,10.705494505494507,20.10441988950276
2020-10-01,9.683425414364642,17.73076923076923
2020-10-02,8.259668508287293,16.104371584699454
2020-10-03,7.431111111111111,15.323204419889503
2020-10-04,8.391011235955055,15.63820224719101
2020-10-05,8.959217877094972,15.850837988826816
2020-10-06,10.882222222222222,16.865
2020-10-07,11.38121546961326,17.742076502732242
2020-10-08,11.510439560439561,19.578021978021976
2020-10-09,10.602747252747253,18.353005464480873
2020-10-10,9.0375,16.26141304347826
2020-10-11,7.585635359116022,14.401639344262295
2020-10-12,6.671428571428572,14.274585635359115
2020-10-13,6.775135135135136,13.818378378378378
2020-10-14,6.326229508196722,13.871584699453551
2020-10-15,6.979120879120879,12.547513812154696
2020-10-16,7.409836065573771,13.316939890710383
2020-10-17,6.764285714285713,14.333879781420764
2020-10-18,5.576086956521739,15.542934782608697
2020-10-19,5.756830601092896,16.667032967032966
2020-10-20,10.435164835164835,17.475824175824176
2020-10-21,12.83081081081081,20.352972972972974
2020-10-22,12.395652173913044,19.408648648648647
2020-10-23,10.585164835164836,17.472826086956523
2020-10-24,10.359239130434782,17.398360655737704
2020-10-25,7.642622950819671,16.368478260869566
2020-10-26,7.342622950819672,14.237297297297298
2020-10-27,8.173224043715848,14.760220994475137
2020-10-28,9.177348066298341,15.897206703910614
2020-10-29,10.484699453551913,16.589010989010987
2020-10-30,10.094021739130435,17.90869565217391
2020-10-31,8.093513513513514,18.51521739130435
2020-11-01,10.698918918918919,18.684699453551914
2020-11-02,10.757065217391304,19.419999999999998
2020-11-03,7.536813186813187,14.455191256830602
2020-11-04,4.996174863387978,12.596739130434784
2020-11-05,5.171195652173913,14.025405405405404
2020-11-06,6.0179347826086955,15.955434782608696
2020-11-07,9.284324324324324,17.175
2020-11-08,9.785405405405406,17.580978260869564
2020-11-09,9.164245810055867,17.897777777777776
2020-11-10,8.888826815642458,16.072067039106145
2020-11-11,8.301117318435754,15.306111111111111
2020-11-12,8.13867403314917,16.270108695652173
2020-11-13,8.321621621621622,16.400543478260868
2020-11-14,9.363934426229507,17.42568306010929
2020-11-15,8.97445652173913,16.732065217391302
2020-11-16,8.746808510638298,14.311267605633804
2020-11-17,7.4010869565217385,15.201630434782608
2020-11-18,6.241397849462366,17.15215053763441
2020-11-19,6.720218579234972,14.296739130434782
2020-11-20,3.9076502732240437,11.08695652173913
2020-11-21,2.55054347826087,10.991847826086957
2020-11-22,2.2722826086956522,11.794594594594594
2020-11-23,3.2567567567567566,12.242622950819673
2020-11-24,2.9416216216216218,12.182702702702704
2020-11-25,4.587027027027027,13.470108695652174
2020-11-26,5.140217391304348,13.759782608695653
2020-11-27,6.09071038251366,13.424043715846993
2020-11-28,5.2956521739130435,13.271739130434783
2020-11-29,3.1,10.417032967032968
2020-11-30,1.3725274725274725,8.993406593406593
2020-12-01,3.3929347826086955,9.344808743169398
2020-12-02,3.9945054945054945,8.047802197802199
2020-12-03,4.0420765027322405,9.344198895027624
2020-12-04,3.1714285714285717,8.753551912568307
2020-12-05,1.9120879120879122,7.351912568306012
2020-12-06,2.5371584699453553,7.59071038251366
2020-12-07,1.6633879781420764,6.972131147540984
2020-12-08,2.306593406593407,7.425966850828729
2020-12-09,1.9722826086956524,7.21639344262295
2020-12-10,2.799447513812155,8.178571428571429
2020-12-11,3.4076502732240437,10.40983606557377
2020-12-12,5.36923076923077,10.471978021978023
2020-12-13,4.0939560439560445,11.178142076502732
2020-12-14,5.727322404371584,12.294505494505493
2020-12-15,6.25,12.368108108108107
2020-12-16,5.617934782608696,12.55136612021858
2020-12-17,6.561956521739131,12.483152173913044
2020-12-18,5.787209302325581,12.67093023255814
2020-12-19,6.7896174863387975,12.977472527472528
2020-12-20,6.128021978021978,12.080874316939891
2020-12-21,6.136627906976744,12.890058479532163
2020-12-22,8.837790697674418,14.71627906976744
2020-12-23,7.2175438596491235,14.008139534883721
2020-12-24,5.236470588235294,10.985380116959064
2020-12-25,2.3807017543859645,6.978488372093023
2020-12-26,0.7000000000000001,6.487134502923976
2020-12-27,1.2286549707602339,8.325730994152048
2020-12-28,3.4319526627218937,7.894117647058824
2020-12-29,3.209941520467836,7.735672514619883
2020-12-30,2.294736842105263,7.277906976744186
2020-12-31,1.2725146198830408,7.400584795321637
2021-01-01,0.5789473684210527,5.413372093023256
2021-01-02,0.3468292682926829,4.711219512195123
2021-01-03,1.0195121951219512,4.8063414634146335
2021-01-04,0.6039024390243902,4.371707317073171
2021-01-05,0.9723300970873787,4.045631067961165
2021-01-06,0.6265700483091787,4.455555555555556
2021-01-07,-0.6961352657004831,4.776811594202898
2021-01-08,-1.4256038647342997,4.816425120772947
2021-01-09,-1.1333333333333333,4.428502415458937
2021-01-10,-0.6835748792270532,4.544927536231884
2021-01-11,-1.606280193236715,5.184057971014492
2021-01-12,1.4400966183574877,8.416425120772947
2021-01-13,5.282608695652174,10.218357487922704
2021-01-14,5.722222222222222,10.23816425120773
2021-01-15,1.7990338164251207,7.664734299516907
2021-01-16,-0.5898550724637681,6.321256038647343
2021-01-17,2.4352657004830918,8.539613526570049
2021-01-18,1.2458937198067632,8.295652173913044
2021-01-19,1.7927536231884058,10.044927536231885
2021-01-20,5.234299516908212,12.042512077294687
2021-01-21,6.6120772946859905,12.071980676328502
2021-01-22,4.279227053140096,10.771014492753622
2021-01-23,3.0864734299516905,8.347826086956522
2021-01-24,1.4101449275362319,7.265217391304348
2021-01-25,1.5357487922705313,7.1637681159420294
2021-01-26,-0.28405797101449276,6.915942028985507
2021-01-27,3.22512077294686,10.098067632850242
2021-01-28,7.030917874396136,13.564734299516909
2021-01-29,7.957971014492753,13.354589371980676
2021-01-30,6.482125603864734,11.659420289855072
2021-01-31,6.079227053140097,11.104830917874395
2021-02-01,7.4280193236714975,11.490821256038647
2021-02-02,7.8193236714975844,14.378743961352658
2021-02-03,6.858937198067633,13.647342995169081
2021-02-04,5.747826086956522,12.64782608695652
2021-02-05,7.273913043478261,12.719806763285025
2021-02-06,6.7724637681159425,11.284057971014494
2021-02-07,3.314975845410628,9.302415458937197
2021-02-08,1.885024154589372,6.240096618357488
2021-02-09,1.3507246376811595,6.154589371980676
2021-02-10,-0.004830917874396126,6.142512077294686
2021-02-11,-1.0096618357487923,5.4743961352657005
2021-02-12,0.04251207729468596,4.951207729468599
2021-02-13,-1.6671497584541064,4.306763285024155
2021-02-14,-2.1256038647342996,7.0608695652173905
2021-02-15,2.9260869565217393,10.634782608695653
2021-02-16,5.402898550724638,12.896135265700483
2021-02-17,5.839130434782609,14.379227053140097
2021-02-18,5.146376811594203,13.107246376811593
2021-02-19,6.172463768115942,14.41304347826087
2021-02-20,8.472463768115942,16.21545893719807
2021-02-21,8.183091787439613,15.83671497584541
2021-02-22,8.118357487922705,14.589855072463768
2021-02-23,7.978743961352657,17.069565217391304
2021-02-24,8.014975845410628,18.190821256038646
2021-02-25,6.266183574879227,15.924637681159421
2021-02-26,4.610144927536232,13.504347826086956
2021-02-27,3.77487922705314,12.055555555555555
2021-02-28,3.2198067632850242,12.830917874396135
2021-03-01,3.155555555555556,14.821739130434782
2021-03-02,4.235748792270531,15.497101449275362
2021-03-03,5.513526570048309,14.62415458937198
2021-03-04,5.085024154589371,13.358937198067634
2021-03-05,4.324154589371981,10.755555555555556
2021-03-06,2.3318840579710143,10.665700483091788
2021-03-07,2.495169082125604,10.837198067632851
2021-03-08,2.6956521739130435,10.727053140096618
2021-03-09,1.577294685990338,11.126570048309178
2021-03-10,1.5806763285024155,12.480676328502415
2021-03-11,6.371497584541063,14.552173913043479
2021-03-12,5.954589371980676,12.58550724637681
2021-03-13,4.873913043478261,12.341545893719806
2021-03-14,4.915458937198068,11.21256038647343
2021-03-15,5.632850241545894,11.701932367149759
2021-03-16,5.191304347826087,11.847342995169083
2021-03-17,5.635748792270531,11.106763285024154
2021-03-18,3.3903381642512076,9.202415458937198
2021-03-19,3.3193236714975844,8.97391304347826
2021-03-20,1.2734299516908214,9.79855072463768
2021-03-21,1.9942028985507247,10.63719806763285
2021-03-22,2.974396135265701,11.260386473429952
2021-03-23,1.8632850241545893,13.936231884057971
2021-03-24,2.177294685990338,16.42753623188406
2021-03-25,4.841545893719807,15.13719806763285
2021-03-26,4.699033816425121,15.279227053140097
2021-03-27,5.298550724637681,13.742512077294686
2021-03-28,3.605797101449275,16.88840579710145
2021-03-29,4.914975845410628,20.469565217391303
2021-03-30,6.976328502415458,22.256521739130438
2021-03-31,8.097101449275362,22.56811594202899
2021-04-01,8.341062801932367,22.32898550724638
2021-04-02,7.4628019323671495,18.004347826086956
2021-04-03,6.222222222222222,14.279227053140097
2021-04-04,4.044927536231884,14.578743961352657
2021-04-05,3.2033816425120776,14.301932367149758
2021-04-06,2.142512077294686,10.119323671497584
2021-04-07,0.3743961352657005,9.922222222222222
2021-04-08,0.861352657004831,14.179227053140096
2021-04-09,4.199033816425121,15.481642512077293
2021-04-10,7.4850241545893725,13.904347826086955
2021-04-11,5.177294685990338,12.128985507246377
2021-04-12,2.6473429951690823,11.355072463768115
2021-04-13,2.064251207729469,12.643478260869564
2021-04-14,1.9091787439613526,12.849758454106281
2021-04-15,1.9154589371980677,12.104830917874395
2021-04-16,2.2289855072463767,11.594685990338164
2021-04-17,3.2454106280193233,12.843961352657004
2021-04-18,3.6830917874396136,13.798550724637682
2021-04-19,3.7082125603864737,15.531400966183575
2021-04-20,5.185507246376812,17.011111111111113
2021-04-21,6.503864734299516,16.857971014492755
2021-04-22,6.41256038647343,17.845893719806764
2021-04-23,6.161835748792271,20.099999999999998
2021-04-24,7.3478260869565215,20.80772946859903
2021-04-25,8.07294685990338,18.317391304347826
2021-04-26,7.9222222222222225,17.18695652173913
2021-04-27,7.415942028985507,17.592753623188404
2021-04-28,7.1521739130434785,16.11449275362319
2021-04-29,7.794685990338165,14.560869565217391
2021-04-30,7.216425120772946,14.142995169082125
2021-05-01,6.606763285024154,13.12463768115942
2021-05-02,5.035748792270532,14.603381642512078
2021-05-03,3.7318840579710146,16.91400966183575
2021-05-04,7.230434782608696,16.030434782608697
2021-05-05,7.464734299516908,15.279227053140097
2021-05-06,7.214975845410628,15.229951690821256
2021-05-07,8.28695652173913,16.804347826086957
2021-05-08,8.79855072463768,22.106280193236714
2021-05-09,11.991787439613528,22.701449275362318
2021-05-10,10.180193236714977,18.414975845410627
2021-05-11,7.713043478260869,16.00048309178744
2021-05-12,7.541545893719806,16.894202898550724
2021-05-13,7.710628019323671,16.152173913043477
2021-05-14,7.621256038647343,15.73719806763285
2021-05-15,8.642512077294686,15.56280193236715
2021-05-16,9.978743961352656,16.929468599033818
2021-05-17,9.218357487922706,16.70193236714976
2021-05-18,8.566666666666666,16.494685990338166
2021-05-19,8.283091787439613,16.33816425120773
2021-05-20,7.588405797101449,18.523188405797104
2021-05-21,9.949758454106279,17.30289855072464
2021-05-22,8.418840579710146,16.66135265700483
2021-05-23,8.393236714975846,17.64009661835749
2021-05-24,8.766666666666667,16.33429951690821
2021-05-25,8.589855072463768,16.908212560386474
2021-05-26,9.066666666666666,17.253623188405797
2021-05-27,9.14975845410628,20.29903381642512
2021-05-28,9.868599033816425,21.956038647342993
2021-05-29,11.9512077294686,22.465700483091787
2021-05-30,11.903864734299516,22.501932367149756
2021-05-31,11.384057971014492,23.805797101449276
2021-06-01,11.933333333333332,24.797101449275363
2021-06-02,13.75024154589372,22.980676328502415
2021-06-03,13.551690821256038,23.206763285024156
2021-06-04,11.85024154589372,21.55024154589372
2021-06-05,12.534299516908213,20.813526570048307
2021-06-06,12.594685990338164,21.267632850241544
2021-06-07,13.274396135265702,22.269565217391307
2021-06-08,13.193236714975846,24.00048309178744
2021-06-09,13.645893719806763,25.005797101449275
2021-06-10,14.643961352657005,25.592270531400967
2021-06-11,15.09951690821256,26.032850241545894
2021-06-12,15.47487922705314,25.698067632850243
2021-06-13,15.274396135265702,27.64830917874396
2021-06-14,15.334299516908212,28.51739130434783
2021-06-15,16.079227053140098,28.099999999999998
2021-06-16,16.605314009661836,29.091304347826085
2021-06-17,16.55024154589372,26.074396135265697
2021-06-18,17.21111111111111,25.86763285024155
2021-06-19,16.457971014492756,25.476811594202896
2021-06-20,15.695169082125604,24.377777777777776
2021-06-21,15.002898550724638,23.744444444444447
2021-06-22,13.925603864734299,21.340579710144926
2021-06-23,13.790821256038646,21.185990338164252
2021-06-24,13.356038647342995,21.307246376811595
2021-06-25,13.016425120772947,22.195169082125602
2021-06-26,13.140579710144927,23.835748792270532
2021-06-27,15.206280193236713,23.317874396135267
2021-06-28,14.014009661835749,23.045893719806763
2021-06-29,13.733816425120773,21.566183574879226
2021-06-30,13.935265700483091,21.271014492753626
2021-07-01,13.985990338164251,23.909661835748793
2021-07-02,14.203381642512078,25.63768115942029
2021-07-03,16.081642512077295,24.083574879227054
2021-07-04,15.416425120772946,22.592270531400967
2021-07-05,15.414009661835747,24.50917874396135
2021-07-06,15.428985507246377,22.523188405797104
2021-07-07,14.380676328502416,23.169082125603865
2021-07-08,14.387439613526569,22.27004830917874
2021-07-09,13.745893719806764,23.163768115942027
2021-07-10,13.776811594202899,23.295169082125607
2021-07-11,14.358454106280192,24.73864734299517
2021-07-12,14.789855072463768,22.63719806763285
2021-07-13,14.278260869565218,20.43623188405797
2021-07-14,14.364734299516908,20.853140096618358
2021-07-15,15.280193236714975,22.372463768115942
2021-07-16,15.389371980676328,22.958454106280193
2021-07-17,15.014009661835749,25.234782608695653
2021-07-18,16.585024154589373,28.196135265700484
2021-07-19,17.532850241545894,28.93864734299517
2021-07-20,17.442995169082124,28.797584541062804
2021-07-21,17.38502415458937,28.722705314009662
2021-07-22,17.18647342995169,28.970048309178743
2021-07-23,16.76086956521739,28.409661835748793
2021-07-24,17.259420289855072,25.418840579710142
2021-07-25,16.308212560386476,24.60193236714976
2021-07-26,16.268115942028984,24.63671497584541
2021-07-27,15.671497584541063,23.917874396135264
2021-07-28,15.838647342995168,23.794685990338163
2021-07-29,15.18792270531401,24.85024154589372
2021-07-30,15.603381642512078,24.08985507246377
2021-07-31,14.480193236714976,22.576811594202898
2021-08-01,13.792270531400966,22.005314009661838
2021-08-02,13.634299516908213,22.745410628019325
2021-08-03,13.309661835748791,21.34202898550725
2021-08-04,14.267149758454106,21.113526570048307
2021-08-05,15.168115942028987,23.288405797101447
2021-08-06,16.378743961352658,23.058454106280195
2021-08-07,14.404830917874397,21.88792270531401
2021-08-08,13.53623188405797,22.50144927536232
2021-08-09,13.622222222222224,24.28454106280193
2021-08-10,14.943961352657006,25.967149758454106
2021-08-11,15.466183574879228,27.558937198067632
2021-08-12,16.54685990338164,28.943478260869565
2021-08-13,17.54685990338164,28.24830917874396
2021-08-14,17.32463768115942,29.967632850241547
2021-08-15,17.377777777777776,27.79033816425121
2021-08-16,16.91111111111111,23.39710144927536
2021-08-17,14.841545893719806,21.695169082125602
2021-08-18,15.378743961352658,21.77294685990338
2021-08-19,15.42367149758454,22.795169082125607
2021-08-20,14.97584541062802,25.498067632850244
2021-08-21,14.98743961352657,26.26231884057971
2021-08-22,16.718840579710147,24.21014492753623
2021-08-23,15.181642512077294,23.62463768115942
2021-08-24,15.181642512077294,23.901932367149758
2021-08-25,14.139613526570049,24.7743961352657
2021-08-26,14.201449275362318,24.10193236714976
2021-08-27,13.92512077294686,22.88502415458937
2021-08-28,12.822705314009662,22.47294685990338
2021-08-29,13.183574879227054,22.152173913043477
2021-08-30,13.503381642512077,22.57342995169082
2021-08-31,14.142512077294686,23.41159420289855
2021-09-01,13.662801932367149,24.08985507246377
2021-09-02,14.073429951690821,24.98502415458937
2021-09-03,14.768599033816425,24.979227053140097
2021-09-04,15.341062801932367,25.599999999999998
2021-09-05,15.014009661835749,27.288405797101447
2021-09-06,15.847826086956522,28.699516908212562
2021-09-07,16.664251207729468,28.804830917874398
2021-09-08,16.301932367149757,27.155072463768118
2021-09-09,16.819323671497585,24.435265700483093
2021-09-10,15.60096618357488,23.005314009661838
2021-09-11,14.509178743961353,23.72753623188406
2021-09-12,13.594202898550725,24.674396135265702
2021-09-13,14.183091787439613,26.21352657004831
2021-09-14,16.42753623188406,25.00386473429952
2021-09-15,16.589855072463767,23.26328502415459
2021-09-16,15.01256038647343,22.30772946859903
2021-09-17,13.67584541062802,23.295169082125607
2021-09-18,13.379227053140097,22.58840579710145
2021-09-19,13.256521739130434,20.16473429951691
2021-09-20,13.085990338164253,19.771014492753622
2021-09-21,12.308695652173913,20.443478260869565
2021-09-22,10.969565217391304,21.8207729468599
2021-09-23,10.768599033816425,22.62415458937198
2021-09-24,11.98937198067633,23.21014492753623
2021-09-25,12.816425120772946,23.78454106280193
2021-09-26,14.579710144927537,22.48743961352657
2021-09-27,13.24975845410628,21.644444444444442
2021-09-28,11.406763285024153,20.29806763285024
2021-09-29,11.685024154589373,19.48840579710145
2021-09-30,8.620289855072464,19.02463768115942
2021-10-01,9.485990338164251,20.005314009661838
2021-10-02,12.069565217391304,21.03478260869565
2021-10-03,12.251207729468598,20.142028985507245
2021-10-04,10.73671497584541,17.97729468599034
2021-10-05,10.604347826086956,17.3487922705314
2021-10-06,10.176328502415458,17.36183574879227
2021-10-07,9.203864734299517,18.199516908212562
2021-10-08,9.03816425120773,18.883574879227055
2021-10-09,9.076328502415459,18.467149758454106
2021-10-10,8.663768115942029,18.030434782608697
2021-10-11,7.928985507246376,17.693236714975846
2021-10-12,7.4227053140096615,16.905314009661836
2021-10-13,7.740096618357488,16.53526570048309
2021-10-14,5.571497584541063,17.480676328502415
2021-10-15,6.114975845410628,18.053623188405798
2021-10-16,7.188405797101449,17.89082125603865
2021-10-17,6.646376811594203,18.536231884057973
2021-10-18,8.209661835748793,19.364734299516908
2021-10-19,12.014009661835749,21.585024154589373
2021-10-20,12.801932367149758,20.17101449275362
2021-10-21,10.023188405797102,17.51304347826087
2021-10-22,6.953140096618357,15.517874396135264
2021-10-23,6.197101449275362,15.90048309178744
2021-10-24,4.969565217391304,17.67487922705314
2021-10-25,7.522222222222222,17.24685990338164
2021-10-26,8.845893719806762,17.159420289855074
2021-10-27,7.78840579710145,17.502898550724638
2021-10-28,7.4971014492753625,18.51014492753623
2021-10-29,10.304347826086957,17.356521739130436
2021-10-30,11.030434782608696,16.492270531400965
2021-10-31,10.909178743961352,18.01304347826087
2021-11-01,8.978743961352656,15.213526570048309
2021-11-02,7.604830917874397,13.912077294685991
2021-11-03,6.452173913043477,12.444444444444445
2021-11-04,5.2903381642512075,11.654589371980677
2021-11-05,5.104347826086956,11.871980676328503
2021-11-06,3.6739130434782608,12.084541062801932
2021-11-07,5.590821256038647,12.948309178743962
2021-11-08,6.132367149758455,13.071497584541063
2021-11-09,4.620772946859903,12.660869565217393
2021-11-10,4.299516908212561,12.316425120772946
2021-11-11,5.4850241545893725,13.528502415458938
2021-11-12,5.3473429951690825,13.741545893719806
2021-11-13,8.345893719806762,13.707246376811595
2021-11-14,8.804347826086957,12.978260869565217
2021-11-15,7.574396135265701,11.25072463768116
2021-11-16,7.255072463768116,10.916425120772946
2021-11-17,6.881159420289856,11.680193236714977
2021-11-18,5.4227053140096615,12.763768115942028
2021-11-19,4.892270531400967,12.83671497584541
2021-11-20,4.671497584541063,11.515458937198067
2021-11-21,5.076811594202899,10.299999999999999
2021-11-22,5.101449275362318,9.951690821256038
2021-11-23,3.738647342995169,10.446859903381643
2021-11-24,4.033333333333333,9.38792270531401
2021-11-25,3.7681159420289854,8.58937198067633
2021-11-26,3.3227053140096614,8.3743961352657
2021-11-27,3.1120772946859905,7.732367149758454
2021-11-28,2.3734299516908215,6.483091787439614
2021-11-29,1.2328502415458937,6.636231884057971
2021-11-30,1.4840579710144928,9.1
2021-12-01,4.182608695652173,10.958937198067632
2021-12-02,2.7526570048309176,8.17584541062802
2021-12-03,1.1985507246376812,9.19951690821256
2021-12-04,4.665217391304347,11.691787439613526
2021-12-05,3.5903381642512078,8.032850241545894
2021-12-06,3.697101449275362,8.821739130434782
2021-12-07,3.5792270531400967,9.953623188405798
2021-12-08,3.504830917874396,8.643961352657005
2021-12-09,2.388405797101449,8.620289855072464
2021-12-10,3.870531400966184,8.916425120772947
2021-12-11,3.2753623188405796,8.921256038647343
2021-12-12,4.56280193236715,10.842995169082126
2021-12-13,4.308212560386473,10.903864734299516
2021-12-14,3.385990338164251,9.960386473429953
2021-12-15,3.8227053140096614,9.62367149758454
2021-12-16,3.590821256038647,10.0768115942029
2021-12-17,2.948792270531401,10.277777777777779
2021-12-18,2.2666666666666666,10.020772946859903
2021-12-19,2.2280193236714974,8.168115942028985
2021-12-20,1.6067632850241547,7.011594202898551
2021-12-21,-0.5067632850241546,6.980193236714976
2021-12-22,-0.37777777777777777,6.50096618357488
2021-12-23,2.1004830917874395,11.294202898550726
2021-12-24,6.734782608695652,11.548309178743962
2021-12-25,6.299516908212561,11.756038647342995
2021-12-26,6.271014492753623,11.986956521739131
2021-12-27,6.478743961352657,12.353140096618358
2021-12-28,8.32415458937198,13.418357487922705
2021-12-29,9.805797101449276,15.335265700483092
2021-12-30,9.745410628019323,15.991304347826086
2021-12-31,6.992753623188406,15.141062801932366
2022-01-01,6.285024154589372,14.606763285024154
2022-01-02,7.156038647342995,13.470531400966184
2022-01-03,7.523188405797101,13.393236714975846
2022-01-04,5.9222222222222225,12.896618357487922
2022-01-05,2.557487922705314,8.594202898550725
2022-01-06,0.806280193236715,7.228019323671498
2022-01-07,1.6294685990338165,8.304830917874396
2022-01-08,4.251690821256039,9.77536231884058
2022-01-09,5.032367149758454,9.168599033816426
2022-01-10,4.009178743961352,8.280676328502414
2022-01-11,1.9734299516908214,7.8362318840579706
2022-01-12,0.7884057971014492,7.068599033816425
2022-01-13,-0.26280193236714977,7.045410628019324
2022-01-14,-1.1555555555555554,8.332850241545895
2022-01-15,-1.2463768115942029,7.5893719806763285
2022-01-16,-0.3835748792270532,7.739130434782608
2022-01-17,1.529951690821256,8.169082125603865
2022-01-18,1.1120772946859903,7.892270531400967
2022-01-19,1.8608695652173912,7.902898550724638
2022-01-20,2.7743961352657003,8.090821256038646
2022-01-21,1.0845410628019323,6.919323671497584
2022-01-22,0.46376811594202905,7.3125603864734305
2022-01-23,0.8739130434782609,7.83719806763285
2022-01-24,-0.30676328502415456,8.754106280193236
2022-01-25,-0.8570048309178744,7.510628019323672
2022-01-26,-0.36086956521739133,7.029951690821256
2022-01-27,0.3410628019323671,7.830917874396135
2022-01-28,2.1903381642512074,8.322705314009662
2022-01-29,3.527536231884058,9.040096618357488
2022-01-30,3.797584541062802,10.17584541062802
2022-01-31,3.7314009661835748,9.705797101449274
2022-02-01,3.1130434782608694,9.828502415458937
2022-02-02,6.806763285024155,11.528985507246377
2022-02-03,4.690821256038648,11.078743961352657
2022-02-04,4.8251207729468595,11.210144927536232
2022-02-05,2.7256038647342997,10.820289855072465
2022-02-06,3.732367149758454,11.093719806763286
2022-02-07,4.722705314009662,11.643478260869564
2022-02-08,2.93768115942029,12.448309178743962
2022-02-09,2.482608695652174,13.093719806763286
2022-02-10,3.7685990338164252,12.29951690821256
2022-02-11,2.0792270531400967,10.446859903381643
2022-02-12,0.2444444444444444,10.354106280193237
2022-02-13,2.4009661835748792,12.942995169082124
2022-02-14,5.48743961352657,11.288405797101449
2022-02-15,4.648792270531401,10.604830917874395
2022-02-16,7.504830917874396,13.081642512077295
2022-02-17,9.108212560386473,14.747342995169081
2022-02-18,6.414009661835749,14.784541062801933
2022-02-19,4.21352657004831,11.209178743961354
2022-02-20,6.072463768115942,12.892270531400966
2022-02-21,6.638647342995169,11.874879227053139
2022-02-22,6.122705314009663,12.847826086956522
2022-02-23,4.621256038647343,13.680676328502416
2022-02-24,4.585024154589372,12.545410628019324
2022-02-25,2.8903381642512076,11.018357487922707
2022-02-26,0.8710144927536232,11.484541062801933
2022-02-27,0.893719806763285,12.306763285024154
2022-02-28,1.5352657004830919,13.601932367149757
2022-03-01,2.7908212560386474,13.070531400966184
2022-03-02,4.488405797101449,12.172946859903382
2022-03-03,4.819806763285024,13.3256038647343
2022-03-04,4.498067632850241,12.141062801932366
2022-03-05,2.929951690821256,10.492753623188406
2022-03-06,1.4541062801932367,9.467632850241547
2022-03-07,-0.3835748792270531,9.33768115942029
2022-03-08,0.7859903381642511,12.443961352657006
2022-03-09,3.2241545893719805,14.104830917874395
2022-03-10,4.501449275362319,14.505797101449275
2022-03-11,5.706763285024154,13.628502415458938
2022-03-12,6.918357487922705,12.203381642512078
2022-03-13,5.8995169082125605,11.739613526570048
2022-03-14,4.7555555555555555,14.091787439613526
2022-03-15,8.610628019323672,14.930917874396135
2022-03-16,8.239613526570048,14.820289855072465
2022-03-17,7.224154589371981,13.01352657004831
2022-03-18,6.131400966183575,13.854106280193237
2022-03-19,6.402415458937198,15.1512077294686
2022-03-20,5.400966183574879,14.07632850241546
2022-03-21,6.278743961352657,16.293719806763285
2022-03-22,5.263285024154589,16.146376811594205
2022-03-23,3.919806763285024,16.671014492753624
2022-03-24,3.526570048309179,18.03816425120773
2022-03-25,4.877777777777778,18.21352657004831
2022-03-26,5.465217391304348,18.416908212560386
2022-03-27,6.281159420289855,19.466183574879228
2022-03-28,5.918357487922705,19.60096618357488
2022-03-29,7.548309178743962,16.551207729468597
2022-03-30,7.333333333333333,13.270048309178744
2022-03-31,5.157487922705314,11.60048309178744
2022-04-01,2.245410628019324,7.389371980676328
2022-04-02,1.5439613526570048,7.019323671497585
2022-04-03,0.3536231884057971,7.989855072463769
2022-04-04,0.05458937198067634,10.97536231884058
2022-04-05,4.7256038647343,13.652173913043478
2022-04-06,6.882608695652174,13.280676328502414
2022-04-07,8.089855072463768,14.75072463768116
2022-04-08,7.535265700483092,15.032850241545894
2022-04-09,4.843478260869565,12.774879227053141
2022-04-10,1.668599033816425,15.10096618357488
2022-04-11,5.875845410628019,18.265700483091788
2022-04-12,9.393719806763285,18.205314009661837
2022-04-13,9.256038647342995,17.932367149758456
2022-04-14,8.559420289855073,20.43188405797101
2022-04-15,9.122222222222222,21.024637681159422
2022-04-16,9.471980676328503,20.590821256038648
2022-04-17,7.467632850241546,19.610628019323673
2022-04-18,6.99903381642512,17.922222222222224
2022-04-19,6.882608695652174,17.129951690821258
2022-04-20,7.853623188405797,16.48695652173913
2022-04-21,8.299033816425121,17.267632850241547
2022-04-22,8.371014492753623,18.40096618357488
2022-04-23,9.142512077294686,16.576811594202898
2022-04-24,9.103864734299517,15.857971014492753
2022-04-25,8.485024154589372,16.487439613526572
2022-04-26,7.051207729468598,17.756038647342994
2022-04-27,7.253140096618358,18.460386473429953
2022-04-28,8.929951690821255,19.7743961352657
2022-04-29,9.408212560386474,19.458454106280193
2022-04-30,8.808212560386472,17.91400966183575
2022-05-01,7.397101449275363,18.251690821256037
2022-05-02,8.574396135265701,18.596618357487923
2022-05-03,9.444444444444445,19.23719806763285
2022-05-04,9.129951690821256,18.72367149758454
2022-05-05,9.759903381642513,17.709661835748793
2022-05-06,9.270048309178744,19.160869565217393
2022-05-07,10.293719806763287,20.46521739130435
2022-05-08,10.41304347826087,21.100966183574876
2022-05-09,10.171497584541063,23.82850241545894
2022-05-10,11.655555555555555,24.22222222222222
2022-05-11,11.76473429951691,23.840096618357485
2022-05-12,11.880676328502416,21.33671497584541
2022-05-13,11.433333333333332,21.783574879227054
2022-05-14,10.73913043478261,24.090338164251207
2022-05-15,13.08840579710145,26.134299516908214
2022-05-16,14.460869565217392,24.472463768115944
2022-05-17,13.723671497584542,26.973913043478262
2022-05-18,14.068115942028985,27.536714975845413
2022-05-19,15.814492753623188,25.37149758454106
2022-05-20,14.777777777777779,24.557487922705313
2022-05-21,13.03125,25.23846153846154
2022-05-22,14.172596153846154,25.60576923076923
2022-05-23,14.2625,21.903846153846153
2022-05-24,12.458173076923078,19.259615384615383
2022-05-25,10.67403846153846,20.24567307692308
2022-05-26,12.730898876404494,21.00561797752809
2022-05-27,13.304830917874396,22.63478260869565
2022-05-28,11.971153846153847,22.47307692307692
2022-05-29,10.604326923076922,20.08076923076923
2022-05-30,9.132692307692308,20.96923076923077
2022-05-31,11.001923076923077,21.817788461538463
2022-06-01,10.981730769230769,23.435096153846153
2022-06-02,13.137,24.979
2022-06-03,15.330499999999999,25.719499999999996
2022-06-04,15.964,26.336
2022-06-05,15.742,23.3785
2022-06-06,13.920499999999999,23.29
2022-06-07,15.160499999999999,23.127
2022-06-08,14.312000000000001,21.394000000000002
2022-06-09,13.6925,21.685
2022-06-10,13.118,24.594
2022-06-11,13.8575,26.675500000000003
2022-06-12,14.440999999999999,26.265
2022-06-13,14.640999999999998,25.421
2022-06-14,13.59375,27.98076923076923
2022-06-15,16.072115384615383,29.488942307692305
2022-06-16,16.490865384615383,30.24230769230769
2022-06-17,17.708653846153847,32.98557692307692
2022-06-18,18.307692307692307,33.472596153846155
2022-06-19,18.136057692307695,28.171634615384615
2022-06-20,17.247596153846153,26.334134615384617
2022-06-21,16.49903846153846,26.599038461538463
2022-06-22,17.135576923076922,25.45384615384615
2022-06-23,16.55,25.744711538461537
2022-06-24,16.095192307692308,23.380288461538463
2022-06-25,14.63701923076923,23.174999999999997
2022-06-26,14.422115384615385,22.49951923076923
2022-06-27,14.852403846153846,22.68846153846154
2022-06-28,13.478365384615385,24.801442307692305
2022-06-29,14.103846153846153,25.222115384615385
2022-06-30,13.846153846153847,21.93028846153846
2022-07-01,12.552884615384615,22.746153846153845
2022-07-02,12.116826923076925,26.640384615384615
2022-07-03,14.554807692307692,26.482211538461538
2022-07-04,15.362019230769231,25.83221153846154
2022-07-05,15.299519230769231,26.305769230769233
2022-07-06,15.135096153846153,26.107692307692307
2022-07-07,15.214423076923076,25.10096153846154
2022-07-08,14.725480769230769,26.826923076923077
2022-07-09,15.431249999999999,28.30048076923077
2022-07-10,15.980288461538462,28.01153846153846
2022-07-11,16.215865384615384,29.559134615384615
2022-07-12,17.254326923076924,31.147115384615386
2022-07-13,17.423076923076923,31.638461538461538
2022-07-14,17.82548076923077,30.523076923076925
2022-07-15,16.908653846153847,29.310096153846153
2022-07-16,16.33701923076923,30.15721153846154
2022-07-17,17.30096153846154,32.24519230769231
2022-07-18,18.984134615384615,35.86923076923077
2022-07-19,20.18798076923077,33.89759615384615
2022-07-20,19.241346153846152,28.279326923076926
2022-07-21,17.78798076923077,28.543750000000003
2022-07-22,17.37596153846154,28.103846153846156
2022-07-23,17.951923076923077,27.860576923076923
2022-07-24,17.15,31.759615384615383
2022-07-25,18.96201923076923,28.16346153846154
2022-07-26,17.498557692307692,25.732211538461538
2022-07-27,15.375961538461537,26.42115384615385
2022-07-28,15.556249999999999,27.62403846153846
2022-07-29,16.88653846153846,27.164423076923075
2022-07-30,16.68125,28.61298076923077
2022-07-31,17.315865384615385,29.111057692307693
2022-08-01,17.99903846153846,29.114903846153844
2022-08-02,17.370192307692307,30.785096153846155
2022-08-03,17.986057692307693,32.32788461538461
2022-08-04,19.192788461538463,30.628365384615385
2022-08-05,18.179326923076925,28.151442307692307
2022-08-06,16.628365384615385,27.985576923076923
2022-08-07,16.203365384615385,28.661057692307693
2022-08-08,16.32548076923077,29.86201923076923
2022-08-09,17.146153846153847,30.823076923076922
2022-08-10,17.952403846153846,31.84423076923077
2022-08-11,18.25721153846154,32.426442307692305
2022-08-12,18.55625,32.83413461538461
2022-08-13,18.234615384615385,31.878365384615385
2022-08-14,17.976923076923075,27.09471153846154
2022-08-15,17.25721153846154,26.48701923076923
2022-08-16,16.589903846153845,27.497596153846153
2022-08-17,16.796634615384615,25.246153846153845
2022-08-18,15.991346153846154,24.808653846153845
2022-08-19,16.908173076923077,24.798557692307693
2022-08-20,16.24326923076923,26.039423076923075
2022-08-21,15.264423076923077,25.709134615384617
2022-08-22,17.253365384615385,26.13798076923077
2022-08-23,17.93125,27.845673076923074
2022-08-24,17.21201923076923,30.462019230769233
2022-08-25,17.715384615384615,28.724038461538463
2022-08-26,17.75,26.346634615384616
2022-08-27,16.234615384615385,26.61201923076923
2022-08-28,16.036538461538463,27.862499999999997
2022-08-29,16.783173076923077,29.19471153846154
2022-08-30,17.422115384615385,27.700961538461538
2022-08-31,17.053365384615383,26.85673076923077
2022-09-01,16.747596153846153,27.085576923076925
2022-09-02,15.975480769230769,25.245192307692307
2022-09-03,16.63221153846154,24.921634615384615
2022-09-04,15.816826923076924,27.920673076923077
2022-09-05,16.989423076923078,28.653846153846153
2022-09-06,17.108653846153846,27.03076923076923
2022-09-07,16.623076923076923,24.490384615384617
2022-09-08,15.40576923076923,23.77403846153846
2022-09-09,15.462499999999999,22.770673076923078
2022-09-10,14.439903846153847,22.93798076923077
2022-09-11,13.462019230769231,25.81971153846154
2022-09-12,14.868749999999999,28.826442307692307
2022-09-13,18.433173076923076,27.364903846153844
2022-09-14,17.55673076923077,25.227403846153848
2022-09-15,15.66971153846154,23.998557692307692
2022-09-16,14.204807692307693,21.246634615384615
2022-09-17,10.453365384615385,18.920192307692307
2022-09-18,8.18701923076923,20.571634615384614
2022-09-19,9.209134615384615,21.072115384615383
2022-09-20,9.040865384615385,20.775961538461537
2022-09-21,9.63076923076923,21.165384615384614
2022-09-22,8.88076923076923,21.92259615384615
2022-09-23,10.433173076923076,20.724038461538463
2022-09-24,12.694711538461538,18.884615384615383
2022-09-25,11.280288461538463,18.61923076923077
2022-09-26,10.363942307692307,17.889423076923077
2022-09-27,11.61153846153846,16.858653846153846
2022-09-28,11.691346153846155,17.328846153846154
2022-09-29,10.007692307692308,16.539903846153848
2022-09-30,8.275,17.286057692307693
2022-10-01,11.274519230769231,19.264423076923077
2022-10-02,13.570673076923075,21.054326923076925
2022-10-03,11.804326923076925,19.89326923076923
2022-10-04,9.901442307692308,21.05480769230769
2022-10-05,11.723557692307692,22.139423076923077
2022-10-06,11.360096153846154,20.28125
2022-10-07,9.821153846153846,20.866346153846152
2022-10-08,11.102884615384616,19.088942307692307
2022-10-09,9.29326923076923,20.35865384615385
2022-10-10,11.779807692307692,20.637500000000003
2022-10-11,11.339903846153845,19.417307692307695
2022-10-12,10.341346153846153,19.916826923076922
2022-10-13,11.652403846153845,18.465384615384615
2022-10-14,14.100000000000001,19.063942307692308
2022-10-15,13.542788461538462,20.75576923076923
2022-10-16,13.91826923076923,22.28028846153846
2022-10-17,15.132692307692308,21.803365384615386
2022-10-18,14.272596153846154,22.667307692307695
2022-10-19,14.090384615384616,22.503846153846155
2022-10-20,14.575480769230769,21.438942307692308
2022-10-21,15.005288461538461,20.665865384615383
2022-10-22,13.674519230769231,21.991346153846152
2022-10-23,14.789903846153846,22.54423076923077
2022-10-24,14.308173076923076,20.825961538461538
2022-10-25,12.170192307692307,20.615384615384617
2022-10-26,13.716346153846153,22.50721153846154
2022-10-27,13.998557692307692,23.099038461538463
2022-10-28,14.797596153846154,22.902403846153845
2022-10-29,13.98798076923077,23.216346153846153
2022-10-30,12.318750000000001,20.71826923076923
2022-10-31,11.834615384615384,20.399519230769233
2022-11-01,11.618269230769231,18.366346153846152
2022-11-02,9.935096153846153,17.882692307692306
2022-11-03,9.509134615384616,16.247596153846153
2022-11-04,8.203365384615385,13.749038461538463
2022-11-05,6.483173076923077,14.01346153846154
2022-11-06,7.25673076923077,15.536057692307692
2022-11-07,9.29375,17.738942307692305
2022-11-08,10.21298076923077,17.715384615384615
2022-11-09,10.576442307692307,16.41923076923077
2022-11-10,8.352403846153846,15.715865384615386
2022-11-11,8.013461538461538,16.36298076923077
2022-11-12,8.348076923076924,17.31153846153846
2022-11-13,8.0875,16.471634615384616
2022-11-14,8.381730769230769,15.097596153846155
2022-11-15,9.926923076923078,15.118749999999999
2022-11-16,9.467788461538461,15.682211538461539
2022-11-17,9.945673076923075,15.590384615384616
2022-11-18,7.445192307692308,13.149519230769231
2022-11-19,5.575961538461538,11.649999999999999
2022-11-20,5.36826923076923,12.054326923076925
2022-11-21,6.2778846153846155,11.47451923076923
2022-11-22,6.318269230769231,11.465384615384616
2022-11-23,6.608173076923077,13.273076923076925
2022-11-24,7.076442307692308,13.694230769230769
2022-11-25,6.490384615384615,13.096153846153847
2022-11-26,5.0442307692307695,11.692788461538461
2022-11-27,5.510576923076924,12.29903846153846
2022-11-28,6.572115384615385,11.507211538461538
2022-11-29,5.0903846153846155,10.202884615384615
2022-11-30,4.138942307692307,9.290865384615385
2022-12-01,3.6076923076923078,8.513461538461538
2022-12-02,3.2125000000000004,7.413942307692308
2022-12-03,3.648076923076923,6.838461538461539
2022-12-04,3.1923076923076925,7.1
2022-12-05,2.0567307692307693,8.322596153846153
2022-12-06,2.0158653846153847,8.336057692307692
2022-12-07,1.9341346153846155,8.078365384615385
2022-12-08,1.0889423076923077,6.4014423076923075
2022-12-09,2.104326923076923,6.957692307692308
2022-12-10,-0.53125,5.671634615384615
2022-12-11,-1.8067307692307693,3.9504807692307695
2022-12-12,-2.2235576923076925,3.976923076923077
2022-12-13,-0.0543269230769231,5.4625
2022-12-14,2.974038461538462,7.928846153846154
2022-12-15,2.8216346153846152,7.5317307692307685
2022-12-16,0.9057692307692308,6.9692307692307685
2022-12-17,-2.0024038461538463,4.4245192307692305
2022-12-18,-1.4879807692307692,9.48076923076923
2022-12-19,6.9966346153846155,13.389423076923077
2022-12-20,9.328365384615385,13.85576923076923
2022-12-21,8.492788461538462,13.761057692307693
2022-12-22,9.919230769230769,14.313942307692308
2022-12-23,11.009134615384616,15.4375
2022-12-24,9.240865384615384,14.555769230769231
2022-12-25,7.991346153846154,14.318750000000001
2022-12-26,6.900961538461539,13.560576923076923
2022-12-27,4.9625,11.850000000000001
2022-12-28,6.247596153846154,13.032211538461537
2022-12-29,7.4788461538461535,12.827403846153846
2022-12-30,7.039903846153846,14.597596153846155
2022-12-31,11.091346153846153,16.224038461538463
